Employee_ID,Age,Experience_Years,Monthly_Salary,Annual_Salary,Working_Hours_Per_Week,Projects_Completed,Performance_Score,Training_Hours,Absenteeism_Days,Overtime_Hours,Team_Size,Client_Rating,Promotion_Score,Stress_Level,Job_Satisfaction,Commute_Distance_KM,Health_Index,Bonus_Percentage,Attrition_Risk_Score
1001,59,23,26276,1496179,69,6,1.27,48,16,44,17,1.92,8.08,8.72,9.44,59,93.67,8.68,2.56
1002,49,8,133939,1174772,35,16,2.84,36,13,10,16,2.16,1.51,5.45,8.76,15,61.36,9,1.89
1003,35,2,124199,1262361,49,6,4.06,25,17,5,13,4.09,4.32,2.18,9,50,50.4,5.36,3.95
1004,28,30,99530,441214,60,17,5.6,98,1,22,10,1.3,5.55,7.27,5.21,48,74.6,24.55,2.23
1005,41,23,43499,939341,55,10,6.54,97,3,26,9,4.31,6.04,2.85,6.92,32,76.57,25.31,2.41
1006,59,30,108576,703082,65,18,9.2,98,17,45,19,2.71,7.56,4.97,9.06,13,60.06,9.05,7.15
1007,39,5,128856,501139,59,22,5.59,39,6,5,19,3.38,4.19,1.59,4.54,21,64.23,23.49,1.18
1008,43,1,102495,1328494,57,18,5.51,79,12,37,14,1.36,6.51,8.43,9.66,49,88.26,15.84,2.06
1009,31,19,141717,1321318,58,3,1.45,37,14,1,19,2.35,6.27,2.13,4.74,40,73.52,10.99,8.6
1010,31,27,91635,949714,62,20,1.31,76,0,21,16,1.36,5.93,9.13,6.41,33,65.87,20.53,8.6
1011,44,10,127803,888315,55,21,5.96,86,10,19,5,4.85,6.76,8.78,7.39,57,81.13,9.46,3.96
1012,56,3,105112,1799698,52,15,4.94,53,9,24,18,4.23,3.34,5.18,9.56,58,82.64,23.92,1.79
1013,44,14,55946,1507786,69,15,8.55,21,4,14,6,2.84,1.76,7.7,3.2,27,88.47,6.19,7.34
1014,23,5,75204,392601,43,4,2.45,15,15,48,17,1.89,2.07,6.58,7.72,35,57.84,28.98,4.24
1015,42,29,71886,1378532,64,9,1.22,27,10,28,10,4.73,3.02,8.23,5.69,16,87.08,6.8,1.41
1016,22,1,91652,1586916,68,19,5.04,111,5,7,11,2.38,5.5,4.89,3.42,28,79.97,19.49,2.42
1017,44,14,35563,929085,66,24,3.14,34,8,36,19,1.64,8.56,8.07,7.99,34,52.88,27.55,2.23
1018,50,10,112324,1212735,37,17,1.45,59,12,48,18,3.25,7.31,5.16,5.97,47,88.87,5.3,6.3
1019,58,7,112464,721486,37,11,7.52,44,7,32,19,4.78,8.1,9.47,6.95,1,69.15,17.46,9.08
1020,22,25,121872,903103,62,9,2,45,13,21,8,1.02,4.16,5.38,3.91,41,66.52,13.75,8.14
1021,41,4,29847,339279,49,10,6.47,71,0,49,5,1.95,4.64,5.16,5.33,48,72.4,19.51,5.92
1022,53,5,46155,671931,57,18,3.53,107,16,46,6,4.75,4.54,8.07,6.56,31,67.31,10.64,4.8
1023,32,25,99671,448702,45,20,2.56,54,4,4,17,1.68,2.73,8.39,4.64,36,66.91,6.62,6.57
1024,42,3,136891,1409639,66,13,4.42,118,1,38,4,1.45,1.55,5.99,2.79,44,90.4,20.65,4.99
1025,45,18,103310,1073887,67,8,8.21,85,8,17,19,3.28,6.32,2.62,9.65,33,56.23,15.42,3.21
1026,47,19,87278,1602887,58,7,4.53,84,3,37,15,4.45,9.9,5.21,5.6,33,98.53,20.56,7.11
1027,48,32,38309,952184,68,17,7.76,25,16,36,16,2.91,2.5,9.71,7.61,39,77.75,10.26,8.86
1028,36,19,20619,745377,62,21,2.13,103,16,29,18,4.98,1.42,7.78,4.7,18,59.15,13.47,4.36
1029,35,11,103194,819089,41,23,7.95,84,17,30,2,3.72,8.02,8.3,4.2,23,56.56,19.04,8.57
1030,23,0,70108,1046434,38,15,3.13,24,15,9,18,1.3,3.27,1.3,4.66,23,79.58,19.83,4.88
1031,57,25,54707,1557008,35,20,7.1,104,7,14,12,4.97,8.47,5.21,4.68,15,81.65,14.31,4.61
1032,27,13,40337,482051,35,15,6.09,64,10,41,18,2.63,7.34,6.82,5.9,26,52.65,12,1.25
1033,41,10,145261,1446237,54,1,9.36,5,17,47,15,2.15,9.51,8.47,5.89,30,62.15,11.84,7.26
1034,29,12,101537,1243693,53,14,4.49,22,9,43,8,3.23,4.68,1.44,5.47,25,89.77,9.37,8.27
1035,59,2,86504,423257,63,5,1.6,114,12,17,14,2.22,6.96,8.67,2.21,45,52.48,13.14,6.97
1036,38,32,67614,1279062,44,11,1.17,63,16,22,19,1.35,5.18,5.94,5.46,16,92.75,9.99,2.36
1037,24,5,111428,1617630,52,16,8.44,86,17,32,15,1.01,6.68,2.78,2.52,39,82.91,20.85,1.93
1038,45,9,111155,1275217,62,2,5.72,42,9,15,2,2.8,5.05,3.86,2.14,48,71.72,19.23,6.16
1039,34,4,20281,1303171,69,8,7.98,106,15,37,8,4.35,2.7,3.54,9.39,45,67.32,14.56,4.61
1040,29,22,47420,1767019,65,11,3.11,22,19,34,9,3.29,5.57,5.78,6.44,14,50.96,13.15,4.86
1041,46,9,100896,1223482,61,18,4.11,95,4,33,19,5,5.76,1.47,6.94,17,91.26,10.94,9.71
1042,22,1,59030,1103585,45,3,1.27,29,12,27,10,2.15,8.3,2.43,4.62,12,57.14,18.39,7.52
1043,40,12,21058,1670485,39,1,9.65,76,17,1,2,2.12,7.62,8.31,9.18,29,65.48,27.97,4.71
1044,48,1,106213,1054444,42,11,7.01,106,16,29,18,1.64,6.97,2.19,6.74,32,78.46,22.14,1.17
1045,27,19,96260,412990,68,16,9.4,17,8,12,7,1.66,2.02,3.1,7.92,56,62.3,23.61,1.31
1046,28,0,48404,1418095,46,18,3.39,86,13,40,4,2.14,7.49,5.08,4.32,24,74.86,25.86,7.16
1047,55,8,123482,1358079,35,16,6.5,78,16,15,6,4.17,5.5,5.65,9.64,52,90.47,13.79,8.54
1048,34,16,125284,1540351,65,23,7.11,96,3,4,3,4.62,9.05,7.87,8.38,13,73.53,6.57,7.37
1049,37,8,49856,1281883,38,10,3.86,20,17,27,5,4.9,9.28,5.03,8.69,56,97.45,20.56,4.65
1050,56,10,29200,1013226,39,18,8.63,56,19,38,11,1.93,1.5,8.11,2.55,20,92.38,9.72,1.28
1051,24,14,84178,1496553,64,6,9.52,102,14,44,11,4.53,8.39,6.57,3.44,15,66.65,19.23,9.71
1052,22,23,53997,326806,58,19,8.96,22,10,19,12,2.31,1.34,2.02,3.57,56,70,23.49,9.88
1053,26,34,45611,1524648,37,4,7.65,90,11,23,17,1.45,4.3,2.41,3.44,53,71.17,24.59,5.94
1054,24,29,139273,715384,45,13,3.5,44,8,26,18,4.48,5.88,4.93,8.7,4,81.31,12.55,1.64
1055,49,30,61235,370119,38,24,3.53,43,12,29,17,3.54,2.33,4.57,1.29,54,64.34,17.81,5.87
1056,38,4,137428,1533741,60,14,9.67,81,14,44,8,1.66,7.72,7.69,1.68,34,98.46,20.52,9.03
1057,46,13,55057,929720,61,3,1.09,87,14,26,17,2.72,1.08,6.23,3.47,28,80.43,25.49,7.12
1058,54,10,21239,770641,61,10,7.44,114,4,25,4,2.15,2.52,4.49,2.8,50,69.97,24.03,7.48
1059,30,8,123674,1179381,40,6,7.36,46,18,6,17,3.95,6.23,2.54,3.09,2,82.25,29.7,1.76
1060,56,33,134474,707507,49,1,6.6,39,19,41,9,2.81,7.43,3.04,8.18,57,69.77,5.2,1.96
1061,34,11,85661,1163403,64,23,9.91,50,13,46,13,4.96,9.25,6.18,6.07,47,90.89,15.94,2.15
1062,51,34,146945,1179903,69,24,3.81,41,16,37,4,1.22,7.35,4.81,1.05,30,78.39,11.4,9.14
1063,35,34,65272,1185421,57,14,4.06,6,17,4,18,2.42,7.05,5.63,4.86,26,52.1,8,5.73
1064,28,0,109393,384080,40,8,1.71,49,2,22,19,2.93,4.55,2.54,4.67,51,58.84,27.79,8.12
1065,34,21,81212,1601367,38,19,4.99,47,1,27,12,3.01,1.01,6.97,2.03,47,93.25,29.95,2.04
1066,43,28,144088,1278836,52,14,3.35,83,0,33,5,2.26,2.08,8.67,7.09,26,78.14,9.51,9.35
1067,41,7,35398,1426370,43,10,4.09,90,9,14,17,3.92,5.81,3.32,7.32,20,97.52,5.96,8.39
1068,36,10,140030,592985,63,17,8.51,5,18,31,18,4.5,7.08,5.42,7.49,42,53.62,11.88,3.02
1069,38,13,76503,424447,47,9,9.42,90,16,25,10,4.75,4.76,9.78,7.56,28,64.76,25.87,8.87
1070,44,29,26638,420029,51,6,2.67,8,11,47,7,4.22,7.58,4,1,56,59.68,12.35,3.37
1071,46,34,26570,479830,66,11,4.35,116,0,30,3,4.4,5.7,6.36,9.59,20,77.69,6.42,2.85
1072,45,20,88785,1686992,56,7,9.36,108,11,18,10,3.2,1.67,1.81,8.33,11,69.14,6.31,3.38
1073,49,4,29110,861931,38,17,1.56,56,16,8,7,4.3,2.73,6.45,9.14,58,57.86,15.69,9.19
1074,35,18,125899,606094,39,1,1.83,30,2,28,4,2.21,8.56,1.81,1.14,10,82.14,28.3,9.24
1075,21,13,99141,1536497,47,22,2.47,20,10,38,7,2.59,7.52,9.63,9.4,23,76.81,12.15,3.96
1076,45,25,32115,1711220,68,5,6.36,89,16,3,8,2.27,9.05,7.44,8.29,37,63.74,15.68,7.35
1077,27,3,59062,983404,56,9,2.35,39,2,2,2,2.87,2.06,8.09,8.53,41,73.99,7.55,7.08
1078,29,24,42911,687732,57,18,9.71,111,7,28,2,2.14,9.91,7.34,1.84,52,87.29,17.34,8.26
1079,44,24,124061,1166183,37,24,5.02,44,19,10,6,4.85,2.88,6.31,7.65,19,60.26,22.41,3.67
1080,21,17,52556,922893,68,21,5.51,76,3,32,7,2.25,1.11,5.05,9.64,45,64.65,11.78,5.59
1081,28,7,98131,1141965,66,2,3.22,48,6,37,14,1.39,9.98,8.73,7.11,18,67.31,12.42,7.01
1082,44,13,148335,644710,55,11,5.24,86,13,10,3,3.11,3.53,9.61,6.14,49,87.34,26.05,1.24
1083,31,31,21969,932543,55,6,6.96,19,13,26,16,1.23,7.01,5.49,9.51,27,92.35,5.26,4.39
1084,37,32,63753,1084586,45,8,7.76,100,3,32,16,1.44,2.59,9.38,4.99,6,68.82,20.91,7.26
1085,28,22,102811,1311967,38,4,7.78,117,15,20,14,1.88,6.22,6.25,6.39,10,64.83,14.85,3.27
1086,55,14,24470,751157,35,18,6.2,116,0,38,15,2.86,9.14,5.85,5.29,2,94.47,12.46,9.62
1087,55,32,141863,1406581,62,11,9.14,91,16,30,8,2.73,3.88,5.09,9.4,24,99.97,21.44,1.27
1088,53,24,30225,1565898,58,5,8.36,16,9,37,15,4.2,7.03,2.88,1.68,38,83.52,25.87,9.62
1089,25,16,127860,1538360,69,15,7.81,27,15,45,11,3.96,2.69,1.03,5.51,28,99.5,18.96,2.95
1090,59,32,143008,323387,47,18,1.5,40,15,1,18,2.71,6.62,3.17,7.18,28,83,5.78,1.44
1091,48,1,127510,1180412,68,2,1.06,65,7,26,15,2.33,4.03,5.59,8.13,53,86.67,16.54,3.63
1092,27,13,128295,1434033,45,22,2.91,24,6,35,9,2.27,2.9,4.42,6.25,45,69.43,16.57,8.08
1093,29,5,43196,444129,51,11,6.97,57,5,10,5,4.1,3.82,5.04,9.18,50,71.65,18.59,7.77
1094,28,5,125823,1328308,69,13,4.7,113,15,46,17,1.21,2.61,9.83,9.48,39,57.21,21.77,2.88
1095,32,2,33669,617875,52,4,4.62,40,19,17,14,1.05,9.12,4.15,1.58,2,91.14,5.48,2.77
1096,54,6,57380,1528337,56,22,8.96,5,15,0,19,4.18,4.57,5.07,4.62,46,96.55,17.55,6.78
1097,53,7,144398,868926,58,7,9.06,74,6,34,15,2.91,3.21,2.2,1.21,5,81.17,19.71,5.12
1098,43,14,130677,784814,53,11,9.18,37,8,34,19,1.52,5.04,1.43,3.96,50,67.18,13.58,8.13
1099,44,28,135886,1526134,55,22,3.82,5,13,30,6,1.94,3.88,7.98,5.83,11,57.7,21.71,1.22
1100,57,32,146753,722955,42,24,7.22,44,10,27,10,4.73,7.7,6.14,9.2,10,63.26,10.7,6.49
1101,55,29,68320,1719541,62,4,3.44,74,13,38,4,4.44,9.74,7.85,8.62,43,62.77,12.93,7.58
1102,42,26,67414,1352330,39,15,2.72,13,6,0,9,3.84,4.94,2.35,2.15,59,80.68,29.07,9.94
1103,47,28,123542,367260,51,1,2.66,65,0,24,11,2.93,8.75,6.15,1.84,2,97.25,13.7,7.11
1104,55,32,35577,1415488,53,23,4.08,39,12,42,4,3.08,6.09,3.28,6.3,15,52.41,13.66,3.09
1105,21,26,145354,556695,61,3,4.87,2,19,37,12,4.9,2.42,3.05,5.79,39,50.05,19.89,1.97
1106,55,32,108009,832994,68,14,8.48,118,2,19,12,4.86,7.22,1.1,3.4,41,80.01,29.27,6.77
1107,57,3,146365,1095326,45,6,2.08,116,19,2,18,1.86,5.62,2.17,9.1,37,64.2,29.58,5.71
1108,34,21,75409,646130,46,18,7.61,98,3,1,17,4.24,6.86,3.78,9.35,7,94.03,19.49,9.09
1109,23,1,48625,1168374,55,1,5.78,96,10,17,8,1.79,9.01,2.05,4.62,20,66.36,5.03,7.54
1110,21,9,101040,329725,45,6,3.59,23,1,43,5,1.85,4.96,9.87,9.01,34,64.49,27.52,5.59
1111,25,4,44089,1485574,62,6,5.44,18,13,9,13,3.7,9.11,3.78,4.46,35,63.48,19.26,4.63
1112,46,9,56487,404555,39,21,3.7,17,11,4,16,2.62,7.76,2.17,7.63,34,57.24,14.15,4.64
1113,34,32,85838,561486,51,16,6.36,63,16,8,12,4.73,5.4,2.79,5.28,53,79.08,25.73,3.04
1114,59,12,116999,1095928,54,5,4.9,112,11,1,6,1.36,6.43,6.29,2.1,22,58.41,15,1.16
1115,47,30,130448,1188036,46,17,2.48,115,11,33,6,3.05,3.93,1.58,9.35,31,71.23,5.85,6.17
1116,29,23,114795,1174631,40,10,2.05,87,0,37,16,4.67,9.85,8.76,5.09,23,73.05,25.53,2.91
1117,35,14,70138,865609,51,21,5.92,108,12,30,19,4.62,7.01,9.65,7.61,19,51.02,18.65,2.87
1118,35,28,62823,533103,53,18,9.12,34,13,9,12,1.63,1.39,3.22,4.3,4,50.84,13.45,2.13
1119,46,7,57208,1282599,60,7,4.1,61,1,49,13,2.47,3.94,5.05,1.17,24,76.01,11.27,2.71
1120,33,4,74061,715872,66,3,7.6,0,11,11,3,3.48,6.61,1.2,1.9,20,84.8,19.84,1.29
1121,52,28,50659,355147,40,13,6.93,99,15,35,16,1.64,1.51,6.77,5.47,39,97.11,10.2,7.07
1122,59,3,149824,742882,45,15,9.38,24,3,20,5,4.87,1.21,4.73,7.21,28,58.96,13.1,4.61
1123,52,11,121376,775584,67,20,8.39,44,7,48,19,4.66,5.05,3.43,4.01,54,55.16,20.91,6.05
1124,24,1,51890,600931,58,19,6.1,48,1,46,7,1.67,3.99,2.86,7.26,39,52.6,27.04,6.73
1125,50,26,99134,544839,57,3,6.91,106,9,5,12,1.48,4.94,6.89,7.29,17,71.8,18.32,9.75
1126,57,30,67055,756162,49,4,9.09,97,8,47,3,1.34,3.36,4.75,7.34,19,81.16,23.98,1.61
1127,43,25,132269,846015,61,5,4.6,88,14,48,9,4.64,2.48,2.62,5.43,54,92.03,24.08,4.76
1128,59,26,39508,1443657,45,1,3.94,15,12,2,12,1.77,7.2,7.2,9.23,48,84.13,21.61,3.21
1129,35,4,62287,1733441,51,4,1.1,97,16,9,6,2.67,5.63,6.09,5.4,35,60.42,11.15,5.29
1130,49,19,98916,989556,48,12,8.44,92,15,4,19,2.8,2.8,8.73,5.05,32,73.09,26.67,9.28
1131,56,10,46984,992095,61,24,8.21,18,1,45,19,3.4,3.88,2.06,2.79,47,95.52,15.91,7.52
1132,33,9,130169,1060109,52,10,1.94,22,19,25,15,1.29,6.33,8.07,3.77,46,66.34,6.11,6.96
1133,52,5,28125,1428678,62,23,6.19,82,19,20,11,1.91,1.65,7.06,1.38,47,74.94,11.12,4.97
1134,27,7,56059,1297082,38,21,5.18,24,13,44,4,4.73,2.33,2.04,6.7,46,97.93,24.14,7.04
1135,42,22,89569,456570,41,20,2.07,15,2,25,10,4.63,1.66,7.25,3.24,39,86.74,6.73,1.29
1136,48,25,123409,1416271,69,24,9.83,53,11,37,4,4.13,8.31,4.97,3.74,57,87.39,8.68,6.28
1137,22,11,37087,731116,43,13,2.93,114,7,43,12,1.08,7.77,9.5,7.94,35,62.62,22.36,5.98
1138,26,25,126437,821608,42,23,1.61,72,1,25,13,2.31,7.78,2.27,3.94,30,70.73,27.32,4.12
1139,48,12,135262,417235,51,14,6.35,0,3,7,13,3.51,7.45,6.79,3.18,17,54.12,20.84,2.81
1140,48,17,25704,1302403,51,23,7.65,41,13,4,4,2.1,7.02,4.44,2.52,42,80.33,10.56,8.27
1141,40,24,80576,1789493,67,5,1.29,18,15,14,8,4.64,5.29,9.61,7.97,47,55.19,6.34,1.48
1142,50,32,93384,1367609,66,4,6.93,96,18,15,15,3.54,6.78,3.97,2.17,29,91.8,20.38,1.63
1143,31,11,107128,816409,42,14,5.79,33,1,0,12,1.29,1.35,9.66,5.08,6,90.73,6.18,4.96
1144,48,3,131279,966165,53,10,1.93,79,11,15,8,4.64,6.59,9.11,5.56,17,76.68,20.32,3.27
1145,45,4,92460,991211,37,17,2.55,107,13,36,11,4.83,8,3.43,7.19,17,57.06,10.64,7.71
1146,59,7,47208,851120,39,10,6.11,103,5,2,12,1.31,5.5,8.23,6.7,14,51.28,27.62,6.71
1147,53,27,138516,1543085,47,7,3.67,54,12,46,16,3.13,4.22,9.96,8.3,24,89.84,16.88,7.95
1148,21,30,149612,1726445,65,16,9.44,17,3,30,17,2.21,3.5,3.27,1.4,57,80.01,10.6,3.92
1149,47,8,105150,445016,50,1,8.37,33,17,12,13,2.57,6.79,4.93,3.67,50,85.55,26.33,7.66
1150,33,28,86024,582017,66,17,9.85,88,11,15,19,1.72,7.24,5.68,3.52,57,65.19,11.35,8.76
1151,23,13,59882,1438040,56,21,3.34,44,19,42,14,3.31,8.84,3.65,2.31,37,75.47,12.66,4.11
1152,59,21,45923,970739,63,9,9.73,5,18,20,6,4.83,4.08,1.14,3.6,40,87.36,25.86,4.06
1153,26,10,146561,1465898,56,6,4.88,20,7,1,5,3.01,7.93,2.98,3.79,39,73.13,12.72,9.1
1154,28,22,134044,1045182,37,19,4.13,69,6,26,15,1.33,6.05,3.54,5.7,55,80.07,15.25,1.45
1155,47,0,121477,747557,44,13,1.45,95,15,37,9,3.48,8.95,4.99,6.97,32,89.49,13.69,4.15
1156,29,20,49165,1098519,55,3,1.47,104,18,25,10,2.36,5.75,2.54,4.43,36,60.76,7.91,2.07
1157,57,25,87203,716978,50,7,7.23,47,5,37,4,4.42,5.66,8.86,7.48,50,53.3,5.97,1.26
1158,53,22,111749,1333316,46,22,5.12,106,19,45,6,2.74,6.2,7.34,4.03,37,76.59,23.11,2.02
1159,44,0,24114,1169049,36,9,3.04,38,10,24,19,1.77,7.74,1.77,3.61,48,53.11,21.13,4.88
1160,35,14,84965,924771,58,22,6.53,30,4,10,2,1.76,9.68,6.85,5.87,14,88.33,12.06,7.18
1161,52,20,56321,823886,69,5,3.28,105,15,7,9,4.08,1.66,6.88,1.21,27,85.96,12.39,3.6
1162,52,8,93297,1583203,64,10,6.2,9,6,7,18,2.06,1.48,9.61,1.72,59,94.09,28.63,8.65
1163,44,8,116652,842601,64,23,4.23,29,4,32,18,4.07,9.44,1.03,4.76,19,81.98,29.69,4.94
1164,32,9,119304,1463490,69,17,8.41,115,10,6,12,1.82,5.77,3.23,9.49,31,53.36,16.84,9.71
1165,59,25,133942,847993,53,12,8.39,17,14,37,3,2.29,6.53,9.35,7.49,46,62.66,25.06,9.59
1166,22,34,45426,403892,42,23,5.3,59,2,20,7,2.86,5.34,9.39,1.79,9,90.4,23.42,7.96
1167,23,24,37772,1612743,60,16,4.16,87,4,7,15,4.77,1.84,7.49,8.62,38,58.36,12.43,9.39
1168,57,25,123754,943942,41,3,4.26,115,4,20,4,4.73,7.91,7.89,7.59,17,84.92,6.46,7.36
1169,37,10,23712,1539444,64,22,8.25,72,8,19,13,1.83,7.73,1.82,6.5,19,89.01,8.56,9.06
1170,22,1,21367,1428649,41,9,3.95,94,14,7,5,2.43,3.81,5.62,8.38,44,66.51,25.96,3.13
1171,22,6,126493,404195,37,15,2.88,14,2,45,13,1.6,3.76,3.08,4.64,4,66.11,23.28,4.11
1172,48,17,127317,1016987,35,5,1.76,3,5,30,14,3.04,8.54,2.63,2.99,48,77.89,21.61,7.78
1173,43,26,135142,1382424,59,23,5.2,62,16,49,3,2.84,1.65,8.29,5.61,57,93.06,8.27,4.82
1174,57,33,111736,1232883,35,13,5.34,39,7,28,3,4.6,8.93,2.22,5.94,11,61.2,21,8.54
1175,52,26,71924,1638486,49,14,8.57,8,10,47,16,4.72,3.31,5.22,5.84,22,97.06,24.3,8.9
1176,53,16,23726,1326630,47,20,2.99,108,5,8,18,2.53,6.34,9.45,6.09,4,79.96,26.52,3.7
1177,21,23,109152,368099,42,15,4.43,8,7,14,8,2.97,9.42,2.67,9.54,17,99.61,5.33,8.41
1178,39,24,47723,1777852,39,16,8.28,25,9,29,15,4.58,7.1,9.8,9.12,8,54.48,22.11,2.39
1179,22,6,146969,1312237,43,23,8.41,3,2,25,13,4.23,4.73,9.95,8.88,46,56.33,5.48,4.01
1180,46,5,123110,1417698,35,13,4.46,80,13,9,18,1.01,7.21,6,8.21,59,91.33,22.67,5.66
1181,52,23,120494,873156,69,17,5.13,15,13,28,15,2.28,4.1,2.53,9.49,34,93.24,20.89,3.04
1182,26,32,29108,1765017,36,23,3.73,14,9,15,7,2.69,3.5,3.84,1.89,11,72.27,8.71,6.21
1183,52,28,97714,1617363,57,8,9.39,98,11,35,7,1.92,9.97,4.82,3.39,31,85.7,24.15,6.21
1184,24,21,55643,786275,43,21,2.07,51,5,19,19,1.8,7.76,3.78,5.46,11,93.38,6.71,2.86
1185,31,25,51324,598871,68,2,9.4,68,11,44,6,1.15,6.8,3.53,8.62,56,52.16,25.66,8.16
1186,37,27,123896,1457655,48,5,7.15,118,13,36,7,3.57,4.2,9.75,5.55,54,78.7,11.55,6.68
1187,58,20,103360,1152129,38,6,5.78,4,1,21,3,2.05,1.44,2.38,7.73,56,92.67,22.22,3.86
1188,44,6,130896,1364605,64,12,1.29,19,8,6,9,1.21,1.28,7.6,2.25,38,69.91,28.09,3.09
1189,25,16,28927,1594929,65,18,5.28,78,9,22,16,1.92,5.99,1,3.27,53,65.12,13.5,8.91
1190,54,19,113680,707442,45,22,4.67,17,16,40,16,4.21,7.86,6.37,7.59,21,89.79,17.57,8.52
1191,26,19,116546,1543294,69,22,2.45,110,16,39,12,4.41,5.84,9.24,2.48,46,66.79,16.58,3.07
1192,42,21,42443,1770523,42,1,6.91,1,2,28,2,2.93,8.57,3.59,4.16,30,50.16,8.94,1.32
1193,31,27,99973,1720178,37,17,9.74,92,18,15,19,2.66,1.3,2.67,3.38,10,97.98,19.76,8.24
1194,36,6,83449,1196816,48,11,6.06,12,0,37,13,4.91,4.3,6.87,4.15,26,79.61,23.58,6.54
1195,53,0,129834,1417502,47,10,7.43,3,11,27,13,1.8,3.13,7.41,7.37,27,90.98,27.92,1.91
1196,29,31,125314,617650,66,19,1.62,41,6,47,12,1.86,5.03,7.19,4.31,8,91.27,26.27,6.29
1197,26,12,96743,743031,68,14,4.76,108,3,37,9,2.17,1.65,3.87,6,39,53.32,17.75,5.07
1198,36,29,141805,1390668,53,10,2.05,73,9,30,8,1.69,9.59,3.27,1.9,8,58.54,22.98,7.97
1199,49,22,80233,1673259,50,15,6.52,60,12,13,3,2.52,3.01,9.6,8.25,8,65.56,25.02,2.88
1200,23,18,45537,1283581,36,19,9.45,94,1,32,12,4.64,9.3,9.31,4.33,55,66.03,17.34,5.08
1201,40,31,121293,452889,51,4,6.96,104,9,8,11,3.46,4.83,5.12,6.84,34,82.94,7.89,2.41
1202,56,29,97576,993221,68,2,1.69,7,3,26,4,2.65,9.87,8.62,7.53,59,81.16,15.95,9.62
1203,39,28,127522,475006,50,9,4.19,66,17,23,11,4.74,5.99,5.07,2.89,16,74.73,26.06,8.01
1204,46,28,42612,1069727,36,10,5.96,111,4,12,19,1.19,9.38,4.82,8.96,41,60.56,19.92,7.63
1205,23,29,113977,1489906,36,11,4.63,62,18,25,15,1.84,1.05,2.41,6.55,13,69.1,23.11,7.21
1206,39,15,26471,1406351,60,14,8.5,109,1,28,19,3.26,7.73,4.84,4.86,23,77.18,9.63,4.81
1207,40,18,55631,1616189,47,7,8.33,8,11,48,9,3.46,9.13,5.84,2.64,12,73.4,29.11,9.31
1208,52,17,148449,590998,65,23,6.51,93,16,42,11,1.16,2.26,1.2,9.48,27,56.36,15.1,1.66
1209,27,0,128997,961616,68,15,4.36,116,9,27,14,2.61,1.87,5,7.8,22,82.48,21.34,8.23
1210,53,13,112059,376256,37,22,3.3,10,1,27,9,3.6,4.82,8.03,2.87,32,53.65,5.47,2.94
1211,59,1,51348,1251441,42,19,1.95,98,5,7,5,3.79,9.4,7.12,4.04,57,68.91,8.18,3.92
1212,38,27,84732,1709854,57,22,4.19,100,7,22,5,3.55,5.88,6.72,8.29,49,85.5,24.55,5.67
1213,21,29,21177,481360,48,15,4.72,41,18,28,6,2.28,5.75,9.19,7.26,27,51,29.2,8.04
1214,31,3,24760,646874,61,24,7.08,12,10,4,2,1.37,2.27,1.16,7.89,2,78.5,13,8.55
1215,48,0,52779,718267,63,8,6.92,35,11,41,18,2.71,1.01,6.01,4.97,45,66.73,5.93,6.25
1216,45,7,41636,1638106,35,11,1.63,119,8,6,3,1.52,8.29,8.09,7.45,33,50.44,14.02,4.63
1217,43,28,101889,1591210,51,9,4.56,12,1,41,9,4.79,1.79,5.87,4.48,26,59.52,5.44,9.52
1218,51,2,73551,1233688,64,15,2.64,11,7,35,8,2.9,6.7,3.92,2.9,28,97.05,9.81,3.22
1219,50,31,31556,333787,47,1,2.41,36,10,40,16,2.27,9.23,2.23,6.69,19,76.06,23.81,8.23
1220,55,9,47598,845909,55,1,8.45,73,3,26,6,4.07,2.88,8.99,9.78,43,99.86,28.43,6.51
1221,27,9,31563,902272,53,19,1.38,119,9,45,3,2.99,6.99,5.24,3.8,5,76.24,7.19,4.39
1222,36,18,66819,1787045,53,3,4.77,72,19,1,8,2.24,1.71,8.9,5.15,33,77.2,18.95,1.01
1223,46,33,129326,611955,59,10,2.51,51,15,24,9,4.25,6.43,6.27,7.07,20,69.59,11.35,5.02
1224,22,32,93770,330447,56,8,8.91,70,7,8,8,4.47,2.48,7.07,5.87,30,65.5,8.48,3.49
1225,21,22,111055,428046,65,15,6.01,1,3,26,8,3.69,7.62,8.24,8.59,45,62.58,10.47,1.94
1226,32,27,46966,1039290,51,10,3.08,117,9,0,15,1.19,3.71,6.93,7.86,8,67.17,19.44,1.68
1227,25,31,140133,1317541,57,1,5.52,55,11,22,19,3.27,5.17,4.58,1.52,38,72.99,6.63,4.13
1228,57,6,101709,941147,66,18,7.58,59,13,9,7,4.05,6.39,5.62,9.99,17,59.6,15.86,6.53
1229,52,28,79889,488490,44,2,9.62,22,15,41,5,1.55,2.54,8.23,7.77,44,61.24,8.38,8.54
1230,29,7,46987,1332038,44,19,2.98,102,17,24,11,1.91,7.67,4.36,8.78,1,63.58,11.82,2.65
1231,55,0,98714,707688,42,13,8.98,39,11,2,19,4.53,3.72,4.49,6.86,3,72.46,9.77,4.82
1232,39,2,124874,804409,54,22,9.41,63,17,5,13,1.08,6.96,1.86,8.71,46,82.64,27.07,4.53
1233,36,23,78348,1586980,66,1,9.25,102,6,5,17,4.01,2.42,9.23,2.01,26,92.81,22.7,5.62
1234,23,22,44596,816595,48,2,6.72,84,19,1,8,2.9,7.19,1.82,4.13,31,64.36,26.71,8.29
1235,40,7,53174,963689,62,16,6.67,22,6,17,7,2.79,2.15,6.83,8.89,8,59.19,14.59,5.98
1236,44,2,84106,465937,58,15,4.63,28,8,22,6,1.03,4.83,4.72,2.81,43,68.94,12.84,8.62
1237,53,32,127510,1395426,49,13,7.77,77,0,1,4,4.28,3.22,4.65,1.7,59,94.72,14.51,5.67
1238,44,27,89967,1664940,56,16,5.78,89,5,11,13,2.44,7.74,7.12,8.09,46,50.49,5.46,6.43
1239,31,7,79182,543306,64,17,7.1,50,5,21,16,3.16,3.36,1.6,8.52,8,83.89,23.12,4.94
1240,28,33,113300,1442384,38,21,4.86,68,11,36,11,3.71,8.94,6.34,2.46,35,73.86,13.74,8.41
1241,56,34,107163,961757,47,7,7.58,118,11,19,17,3.81,9.03,7.95,8.69,39,58.05,12.83,9.31
1242,58,31,59310,528981,57,24,8.42,94,9,38,12,4.82,2.77,8.45,7.18,28,66.05,19.95,6.75
1243,40,23,76088,822220,42,17,2.32,88,5,23,9,3.13,6.52,2.53,5.68,51,61.25,15.91,8.39
1244,55,13,148803,353072,52,7,8.5,30,16,47,4,2.6,1.79,9.08,8.47,4,93.89,29.52,1.53
1245,45,31,28906,1371860,46,13,5.86,49,18,19,8,4.81,4.52,6.91,4.77,57,74.09,13.91,9.16
1246,55,15,56914,383369,65,5,8.6,19,17,0,8,3.57,7.42,8.94,2.75,16,78.15,20.35,2.7
1247,45,3,130350,1111554,48,17,4.88,107,5,0,15,2.19,6.93,5.37,3.56,13,79.68,12.79,3.31
1248,49,20,65379,1037266,68,3,4.41,54,18,16,3,1.51,6.62,5.88,5.55,20,81.98,29.76,1.48
1249,38,13,98612,887100,52,7,9.24,80,9,0,11,4.37,3.54,9.27,5.78,51,74.78,16.13,9.69
1250,38,30,134828,1618719,68,17,3.26,108,7,44,10,2.45,4.4,9.1,8.25,5,50.89,20.85,8.67
1251,22,17,147445,584580,45,7,8.6,1,5,29,17,3.64,1.93,5.03,8.12,55,66.74,8.17,9.22
1252,55,6,57650,823156,46,21,5.36,24,6,40,19,2.88,7.47,3.47,6.23,37,59.19,23.33,8.62
1253,36,9,66881,1069097,49,1,5.63,12,0,46,10,1.8,5.53,4.54,8.03,20,84.01,11.73,5.32
1254,56,6,66413,1767071,65,17,3.78,102,17,2,17,3.41,7.38,4.49,2.73,24,52.84,16.22,9.32
1255,53,32,26012,552164,63,17,6.16,91,19,45,14,1.24,3.24,3.58,1.45,36,78.19,27.08,9.73
1256,24,22,70115,1069605,60,11,3.93,105,11,10,11,2.65,3.92,3.42,8.86,34,60.53,29.26,5.52
1257,53,20,27151,1636921,52,3,1.35,118,15,23,15,3.19,4.01,8.75,1.68,58,97.44,15.61,2.58
1258,34,18,77716,450787,66,15,3.45,69,9,21,13,2.74,1.23,1.63,3.22,45,66.78,25.87,6.93
1259,41,18,113747,460381,56,21,1.06,66,9,43,8,3.99,4.07,7.1,7.26,48,66.26,6.33,9.78
1260,40,28,112653,749830,51,11,9.81,57,13,44,16,4.31,8.23,2.56,4.69,54,96.17,26.19,8.85
1261,28,17,56378,1204098,57,16,9.69,98,19,25,17,4.08,9.08,4.1,8.89,34,70.87,20.74,8.76
1262,27,1,62652,1705568,58,22,4.56,81,9,12,9,1.16,5.66,1.55,3.68,19,98.14,17.22,9.4
1263,23,0,92430,368920,42,9,7.56,74,9,0,11,1.78,5.1,3.43,1.11,17,51.21,27.25,9.05
1264,37,4,33467,1130051,40,24,4.11,117,10,23,5,3.15,1.28,7.92,3.71,5,65.32,26.13,7.99
1265,53,19,51010,950024,39,24,7.04,83,1,9,16,4.74,8.91,8.97,6.2,25,83.31,12.42,7.46
1266,32,10,148647,1230997,63,1,8.25,63,19,34,15,4.34,1.12,2.99,4.38,18,94.54,24.79,3.38
1267,42,1,141999,841357,62,22,9.52,68,7,23,2,4.37,9.5,5.17,5.81,55,62.82,7.49,6.59
1268,42,2,134793,307531,45,16,4.6,82,6,27,17,2.21,5.4,5.23,8.89,53,96.52,25.57,5.69
1269,50,22,74691,730267,35,9,8.05,85,7,35,11,2.72,4.08,8.86,9.21,50,79.71,21.89,8.76
1270,58,11,84157,1415731,53,19,3.39,58,0,15,4,2.88,9.32,7.87,3.39,8,90.05,7.2,5.43
1271,58,19,128177,1231479,43,12,9.91,59,1,39,6,1.63,1.22,5.62,5.16,27,69.86,22.08,2.15
1272,28,4,32289,607747,61,19,1.23,82,17,15,10,1.12,6.23,7.04,5.94,15,60.61,19.51,1.04
1273,47,29,64976,1240756,68,22,6.43,110,14,16,19,4.79,5.94,8.63,9.54,45,95.56,19.86,7.1
1274,47,8,63596,774013,38,9,6.94,61,0,14,12,1.96,2.97,1.09,9.99,13,96.66,12.27,5.95
1275,54,33,43171,432503,52,7,7.19,15,4,15,17,1.96,4.86,4.63,3.12,16,74.88,11.66,3.98
1276,41,34,120441,992841,49,14,2.08,87,1,14,3,1.33,6.87,9.17,7.54,22,50.32,24.06,2.52
1277,50,21,146296,964917,47,19,9.45,104,19,33,13,4.71,7.54,7.66,4.4,20,55.49,11.42,5.2
1278,53,23,106365,1714022,53,19,2.63,67,2,10,7,3.32,1.01,5.89,1.07,13,78.65,16.16,1.9
1279,48,16,138218,1252246,40,2,6.6,14,18,0,12,3.67,9.43,5.77,1.08,20,51.19,22.37,4.02
1280,53,9,119590,319675,46,9,3,88,17,14,9,4.65,2.48,4.13,5.15,2,69.85,6.99,4.41
1281,25,29,134014,373997,51,13,3.76,107,17,25,13,2.38,3.1,5.68,5.4,35,65.17,19.86,5.19
1282,39,22,64139,448087,57,15,5.92,54,13,3,3,3.49,3.37,6.9,1.2,47,85.72,19.73,5.2
1283,24,31,68713,1267561,60,3,4.75,34,7,42,10,1.16,1.34,4.77,7.18,55,52.78,22.11,3.31
1284,55,16,49734,786799,63,11,2.44,54,11,4,16,1.75,2.11,7.43,3.65,19,74.44,14.25,8.65
1285,37,16,92588,819349,67,21,2.54,13,9,34,3,4.32,9.88,8.75,6.04,45,78.96,16.22,4.2
1286,48,13,83646,1055678,61,14,4.76,48,19,12,2,4.07,3.84,2.39,3.71,37,80.86,13.25,3.07
1287,50,8,23654,440905,59,8,7.82,82,16,9,11,2.4,2.04,5.06,2.5,58,70.26,25.2,2.58
1288,49,1,109022,570040,44,18,9.08,101,10,10,3,2.51,1.96,4.67,4.66,54,65.22,8.27,3.9
1289,26,24,38743,1774764,57,19,1.76,99,1,17,13,3.13,7.48,7.19,3.09,6,84.12,29.07,1.61
1290,55,8,68368,611877,55,16,4.54,6,3,33,9,1,8.69,3.25,5.81,14,92.38,20.87,1.3
1291,57,21,110025,866088,55,2,1.9,29,0,38,6,1.96,3.31,6.76,2.79,4,84.68,27.17,6.45
1292,44,3,94172,1444620,47,8,1.15,82,14,40,2,1.83,1.19,8.9,5.58,22,96.61,15.66,6.57
1293,49,25,26441,567491,67,22,6.96,48,12,41,16,2,3.01,4.76,2.42,51,85.86,13.31,5.77
1294,51,28,139735,789066,58,6,6.42,88,7,49,7,4.22,1.51,9.2,7.04,55,88.23,27.52,7.86
1295,55,33,44611,958003,45,12,2.47,15,3,22,13,2.12,1.93,9.94,7.79,39,58.4,7.47,1.35
1296,53,22,139891,602929,51,15,3.1,110,9,6,9,1.77,4.88,1.95,1.99,36,70.98,7.93,9.42
1297,41,10,127971,1105113,38,8,1.21,117,18,38,14,3.02,3.07,3.1,5.21,34,74.25,12.48,1.86
1298,52,5,32149,666008,59,4,8.51,103,17,2,2,4.46,5.64,9.55,1.64,27,62.81,28.99,7.07
1299,43,17,120102,1233396,64,15,9.77,50,4,11,12,1.97,3.28,9.62,6.38,7,76.43,20.83,2.2
1300,53,20,79189,1133731,43,20,2.22,71,18,6,2,1.31,9.46,1.88,3.38,3,64.54,18.85,8.92
1301,23,33,127904,1365649,55,17,3.08,81,15,48,9,2.43,9.15,1.13,5.75,47,84.38,22.63,5.6
1302,38,16,41675,1053158,54,13,8.82,91,0,25,6,3.99,6.1,2.45,5.66,33,73.51,15.44,1.74
1303,45,24,91031,1756081,53,18,9.34,79,11,32,18,3.2,4.19,9.96,9.32,2,72.94,23.95,6.55
1304,51,11,62668,415359,53,2,4.78,115,1,36,9,4.27,4.43,2.62,5.94,42,99.18,14.83,1.08
1305,23,22,33673,1225431,46,13,1.46,82,7,47,11,4.84,4.71,5.52,6.25,16,69.62,25.66,7.98
1306,44,21,149582,366707,51,13,1.35,41,17,14,3,4.17,7.55,8.64,4.61,25,68.11,11.68,6.86
1307,52,20,96666,551351,62,22,6.17,16,15,1,10,3.42,5.06,1.18,9.54,15,65.93,11.94,2.91
1308,42,26,108204,770670,69,15,4.54,62,4,40,4,2.97,8.71,6.44,7.99,24,94.74,18.06,4.37
1309,43,30,100758,1587087,52,20,1.26,44,12,6,19,1.16,9.5,3.49,3.57,15,74.84,15.77,1.07
1310,22,5,85429,1584294,48,10,6.25,76,18,31,8,4.94,4.02,8.76,8.6,31,80,21.2,7.24
1311,47,26,43669,350601,69,3,1.1,6,2,3,16,2.53,6.05,3.55,4.89,14,59.04,14.11,3.9
1312,22,33,54068,1294969,41,19,8.09,26,7,19,19,1.61,1.86,7.18,8.46,54,77.05,10.76,6.14
1313,46,11,108789,1744331,47,3,3.76,9,11,49,4,3.67,2.8,7.07,8.41,14,63.73,16.75,9.61
1314,37,6,29435,795479,52,22,1.36,33,1,35,15,2.14,4.72,2.99,2.7,6,86.53,19.02,3.7
1315,53,9,114088,1762436,47,14,6.3,35,10,31,3,3.34,2.86,1.31,7.31,14,91.63,8.57,9.91
1316,29,16,72249,1760537,65,8,4.58,24,11,27,15,3.35,8.89,4.68,3.62,17,85.74,18.92,6.69
1317,59,25,57384,551924,36,23,9.76,5,17,12,12,2.78,2.42,3.6,3.68,18,86.51,12.98,3.18
1318,49,20,148782,1083441,50,4,5.9,23,12,0,17,4.34,5.1,8.28,3.67,20,75.62,14.81,4.93
1319,46,27,101929,549430,43,20,3.48,17,4,34,9,2.06,6.45,8.2,7.53,51,85.61,11.98,7.66
1320,55,1,147959,1776313,43,11,7.38,86,11,47,8,2.79,7.23,5.11,3.07,17,71.13,28.29,5.02
1321,45,0,96153,1471364,45,11,3.44,5,1,29,12,3.15,4.45,6.46,1.01,16,82.57,22.08,1.62
1322,44,25,124056,580466,56,11,9.14,28,4,35,4,3.65,8.82,6.44,7.44,40,62.95,11.56,2.52
1323,33,28,95388,750930,67,2,4.37,24,6,24,18,4.14,6.11,8.44,2.54,39,53.49,21.13,8.12
1324,27,20,51401,1698616,57,17,5.95,54,11,15,15,2.58,4.96,4.83,1.94,52,70.67,26.21,6.84
1325,56,10,145511,1410868,68,9,1.46,80,15,18,7,3.58,1.61,3.48,3.14,32,73.09,15.04,6.13
1326,40,10,91831,853343,43,2,4.84,45,7,0,9,1.6,5.18,3.39,4.42,44,62.82,25.75,2.51
1327,21,34,139503,605035,58,24,8.49,23,8,4,6,4.73,8.39,5.83,5.28,9,86.39,8.86,8.54
1328,28,33,135760,1701256,42,15,8.25,74,14,21,9,2.53,6.53,5.04,1.4,27,53.68,25.57,9.65
1329,36,23,121529,568448,41,16,3.02,25,4,23,3,3.92,8.49,4.96,9.74,46,61.14,18.51,1.37
1330,34,21,147834,1508948,52,4,3.03,114,12,42,16,1.08,5.45,1.82,7.44,52,87.43,10.57,1.7
1331,32,4,54084,1241763,37,8,8.36,97,4,44,13,1.82,2.07,7.47,3.91,33,71.86,15.18,8.96
1332,43,32,140387,391006,62,9,9.37,27,10,36,18,2.95,1.12,2.92,3.87,10,85.26,29.7,8.34
1333,35,19,130641,429350,40,5,1.86,2,9,35,2,4.51,3.73,2.77,5.04,17,78.37,24.59,6.56
1334,48,18,125111,988725,55,16,5.05,74,19,35,16,3.11,7.28,4.71,6.64,49,97.54,19.38,9.5
1335,54,34,75826,1105878,62,13,4.04,37,12,3,15,4.72,8.11,3.05,2.32,49,79.89,7.88,6.82
1336,22,16,56451,1088768,35,7,8.84,60,8,35,17,2.94,3.66,6.25,2.7,36,50.74,15.45,2.94
1337,52,33,27227,506487,55,20,1.75,77,13,17,10,2.96,5.46,4.34,8.73,17,67.64,11.58,7.56
1338,43,8,51910,397852,69,17,2.9,50,17,49,2,1.48,4.79,5.04,3.31,18,57.15,6.78,6.81
1339,42,25,56041,1487169,47,3,7.77,89,14,15,18,4.21,4.69,5.83,4.42,52,96.23,18.56,9.87
1340,45,1,108920,1027067,44,5,1.46,47,9,40,14,1.99,3.08,2.83,8.84,23,55.2,27.23,2.93
1341,42,8,85681,978841,44,19,5.43,20,6,17,6,4.6,2.23,2.4,6.97,34,69.39,21.89,6.38
1342,42,8,123314,580618,47,12,4.98,53,7,21,11,4.64,2.77,8.92,4.08,8,61.3,11.24,8.02
1343,26,16,101571,1526408,58,7,4.01,55,2,1,7,4.77,1.5,4.9,7.15,13,92.34,19.34,4.05
1344,35,0,85481,1142150,36,9,4.55,102,14,20,14,3.08,2.78,4.71,1.18,23,65.43,28.58,4.42
1345,57,24,88576,1655349,56,6,5.77,93,15,35,2,3.71,1.08,1.32,7.62,57,99.59,23.07,8.99
1346,53,24,127958,345232,51,17,2.45,58,3,43,16,4.11,6.65,5.48,5.38,54,51.93,22.24,4.64
1347,28,34,149265,648688,48,16,6.15,71,5,38,15,1.52,3.85,5.99,8.32,20,56.41,29.2,6.62
1348,25,2,147556,760385,44,23,8.25,50,0,46,9,3.4,9.76,6.03,9.59,22,61.23,24.97,9
1349,59,29,84174,1083301,69,3,7.84,19,3,38,11,1.14,2.74,7.36,9.33,47,90.56,8.42,2.89
1350,24,33,46160,612813,59,21,2.39,111,10,28,10,2.99,4.11,2.6,9.18,52,93.93,13.69,9.84
1351,26,11,135170,1557669,37,4,2.34,95,11,25,18,1.62,4.22,3.27,5.61,23,53.57,29.13,7.32
1352,52,18,137867,1326657,51,10,3.41,85,4,20,10,1.73,1.08,8.3,4.24,41,51.62,17.24,5.47
1353,50,16,37633,1679904,46,5,4.25,58,15,16,4,2.46,8.55,9.52,5.19,35,87.23,7.79,4.88
1354,55,9,114880,1361716,58,21,4.68,70,12,15,12,2.73,1.29,2.22,7.21,3,56.67,16.47,9.59
1355,36,11,37014,1737188,63,22,7.12,8,12,30,13,3.49,9.46,5.48,8.96,34,56.65,22.42,2.85
1356,33,15,100532,838645,59,10,1.51,108,16,8,11,1.3,9.03,2.93,2.86,33,51.12,29.94,3.81
1357,50,23,69104,1460248,60,12,1.31,0,6,30,18,3.01,5.82,1.54,9.26,46,52.49,13.1,3.77
1358,39,18,61621,630817,35,10,4.53,28,7,13,18,1.73,5.89,3.93,8.34,17,63.18,17.85,3.6
1359,37,7,97231,1032303,54,13,7.27,62,12,48,12,3.3,6.88,2.29,9.81,45,53.25,26.99,5.22
1360,39,30,88388,920399,62,11,2.74,71,15,36,5,3.55,4.48,7.39,8.92,19,68.44,13.88,9.9
1361,48,20,36014,1164690,50,22,6.77,55,3,1,8,3.23,6.83,5.8,3.52,30,91.64,7.73,9
1362,46,16,112578,706140,51,16,3.34,117,7,47,15,3.95,1.4,2.29,1.95,23,66.32,28.72,3.95
1363,57,22,53755,1417862,62,8,8.97,67,15,45,8,2.34,1.49,1.08,2.01,15,86.39,17.21,4.81
1364,46,15,60390,393269,46,8,9.06,34,9,13,9,4.06,5.12,8.27,3.62,59,54.7,17.57,7.03
1365,43,5,43711,558635,61,8,3.68,2,11,32,2,2.73,5.95,2.59,6.53,57,82.97,20.53,1.15
1366,29,7,111658,1422647,64,13,3.07,117,11,34,5,2.94,8.99,6.46,8.24,14,65.84,5.09,8.38
1367,32,24,77993,1799118,68,2,4.7,108,4,38,13,3.59,1.94,4.03,9.09,2,87.49,28.28,8.92
1368,21,17,94696,1569671,40,12,3.16,103,15,46,4,1.07,8.4,6.27,6.61,39,56.81,14.04,8.71
1369,21,24,47213,813317,41,10,7.05,6,0,19,14,3.62,2.89,3.84,1.05,49,94.89,14.92,4.38
1370,54,11,135788,1379227,66,12,8.43,26,8,1,7,3.47,4.55,1.78,2.68,18,62.13,9.35,5.16
1371,52,14,124956,370202,66,11,7.06,0,11,40,12,2.24,3.85,3.01,1.9,6,67.66,14.45,1.11
1372,45,25,77784,1397353,59,15,8.42,90,4,18,5,1.34,4.6,2.69,4.27,59,97.51,25.1,4.59
1373,21,25,27421,448066,67,16,4.57,79,19,36,17,1.36,2.35,4.85,5.51,32,78.92,25,5.14
1374,36,31,106936,1153695,41,17,2.41,101,2,17,8,4.69,5.53,6.92,1.39,21,68.29,28.39,9.16
1375,59,9,119073,490706,46,2,7.64,70,4,15,12,3.76,8.21,3.37,4.14,40,97.48,15.08,9.05
1376,25,15,37727,924446,50,18,4.24,43,1,3,2,1.51,4.97,1.11,2.61,28,66.45,22.72,9.69
1377,42,6,132418,1097232,50,12,7.04,86,13,11,8,2.43,5.42,5.67,6.82,27,54.74,17.68,8.97
1378,49,16,24358,1124255,47,19,3.44,40,1,28,13,3.37,8.64,6.45,5.18,2,99.84,25.1,1.07
1379,23,22,85108,1674598,41,23,1.73,74,12,6,8,4.34,7.35,9.67,5.46,33,63.39,22.81,6.77
1380,32,25,146609,580852,43,18,9.93,41,6,13,8,1.17,5.41,6.31,4.85,16,92.56,14.2,1.61
1381,46,20,114018,968179,66,17,2.41,116,9,11,11,1.95,3.32,5.24,9.6,39,58.28,13.42,3.45
1382,36,21,144457,888158,45,6,9.9,32,12,34,17,4.56,8.96,6.16,2.93,22,86.57,11.31,6.2
1383,57,6,52117,833571,42,15,9.8,49,15,4,9,1.04,6.19,9.35,5.65,56,76.22,19.41,7.31
1384,42,13,108700,1165139,67,3,8.14,62,13,16,10,1.81,2.99,8.46,7.62,43,99.05,29.1,6.89
1385,49,14,51910,1772725,57,6,6.93,99,10,41,10,4.84,3.42,3.91,6.01,47,77.64,10,1.44
1386,34,6,146888,1551703,59,3,6.2,36,9,31,3,3.45,8.23,3.14,9.36,13,51.25,7.38,1.93
1387,48,8,118032,1490631,42,1,8.79,104,5,9,14,2.05,1.4,3.36,4.4,56,80.19,7.99,2.16
1388,25,7,75754,1104565,56,13,3.6,58,3,42,14,1.27,9.93,5.54,5.17,2,57.27,24.58,1.82
1389,50,22,82438,825069,38,21,5.21,80,0,16,5,1.11,2.17,7.7,1.8,14,89.93,13.75,2.6
1390,25,28,129847,414586,37,14,6.57,98,6,4,13,1.98,8.16,5.53,6.48,56,92.83,10.61,7.2
1391,32,17,49371,1798492,63,13,4.7,47,8,44,18,4.53,4.55,1.61,3.59,38,74.1,13.82,8.48
1392,36,30,71501,589768,63,4,4.85,4,7,41,3,2.66,5.43,7.51,2.44,41,89.16,21.13,4.68
1393,46,29,80946,831111,68,7,3.97,47,4,8,14,3.88,8.93,8.25,5.9,28,57.26,18.67,7.24
1394,46,34,58467,842777,68,22,6.08,95,18,48,19,4.67,4.72,3.61,5.79,7,74.6,23.59,2.8
1395,41,17,37625,1336059,62,10,8.66,2,9,32,16,2.63,5.84,6.98,1.68,18,69.7,13.48,9.76
1396,59,16,53893,471033,47,7,2.81,115,10,35,9,1.77,1.44,4.84,7.28,56,80.57,16.3,4.15
1397,56,13,96329,1639838,49,21,9.41,46,14,35,16,3.07,1.02,9,6.61,41,52.22,7.55,8.61
1398,53,30,51007,1448993,57,15,7.2,61,5,17,2,4.63,3.2,8.61,2.7,55,87.61,6.83,9.51
1399,50,23,111302,1430392,60,15,8.41,98,14,8,11,4.22,7.13,5.73,5.22,36,53.96,16.56,8.78
1400,57,34,59532,575709,38,4,6.01,115,4,28,13,1.26,2.09,7.22,7.48,41,82.82,12.54,1.6
1401,43,33,74253,474023,60,23,8.02,13,18,49,6,3.77,2.02,8.95,5.76,36,50.92,20.32,6.85
1402,30,2,32323,1177611,43,23,1.15,62,18,13,10,3.29,4.7,5.46,4.56,44,91.59,6.08,2.08
1403,25,25,131335,847936,39,6,8.37,111,9,24,9,4.63,6.83,3.82,3.9,4,58.73,8.04,1.05
1404,56,22,132356,743945,66,24,1.36,60,11,14,17,1.49,7.41,7.78,6.49,57,75.77,26.63,1.47
1405,54,14,130944,1390547,54,20,9.01,30,3,5,15,3.14,2.61,2.98,9.45,30,63.07,19.16,9.25
1406,51,3,93379,318658,45,5,9.93,94,17,41,14,4.52,1.72,4.5,7.05,24,86.13,22.8,9.18
1407,30,28,34210,321253,49,20,3.65,16,15,28,14,2.64,9.46,8.79,1.67,20,66.07,26.05,3.03
1408,39,21,36456,479635,66,12,2.89,23,7,14,6,2.93,3.35,7.52,5.15,46,86.23,16.6,5.92
1409,52,24,51367,457462,62,1,7.89,115,3,28,17,1.28,8.68,4.63,9.02,56,64.24,24.03,9.6
1410,21,12,74624,1699384,56,8,3.28,22,11,3,12,2.11,8.77,2.93,1.85,31,87.62,18.11,5.47
1411,25,17,30106,510097,51,1,8.79,81,1,17,6,2.3,7.95,4.2,9.9,24,51.53,10.57,4.54
1412,24,32,123493,928138,60,5,1.93,49,3,49,14,4.78,2.52,3.56,9.54,7,64.17,13.44,5.35
1413,36,15,88008,1250162,41,22,2.13,117,4,48,12,2.13,8.4,2.58,1.7,26,74.93,17.26,8.11
1414,44,1,145926,962212,60,6,9.81,77,2,43,4,2.84,7.92,7.69,9.4,13,52.25,12.92,5.3
1415,36,34,135395,820498,59,21,7.06,113,8,38,16,3.69,6.37,3.27,4.27,54,59.3,13.39,8.05
1416,22,33,136492,1574634,44,3,8.62,78,17,15,8,1.65,4.03,5.09,8.6,8,96.73,13.43,4.89
1417,48,29,92240,957911,53,15,3.92,78,10,10,8,2.95,3.36,4.47,4.77,55,98.84,8.07,3.27
1418,52,12,84315,1158379,45,5,7.09,69,2,13,7,3.95,2.1,9.84,4.97,5,86.99,7.12,3.94
1419,47,12,89249,1528807,47,24,6.35,26,1,2,4,4.47,5.59,4.52,6.71,44,62.61,6.16,1.7
1420,40,17,90587,422775,42,14,6.43,14,8,49,14,3.51,6.27,1.72,7.97,13,63.03,7.77,5.48
1421,44,31,30756,1269211,38,18,7.14,49,13,41,8,3.68,4.23,1.81,1.3,29,82.29,13.59,2.33
1422,32,31,88011,977160,65,16,6.18,35,3,37,6,1.51,5.28,6.32,6.34,20,55.88,19.85,8.3
1423,55,34,56378,619972,62,6,4.86,118,8,44,19,4.78,4.27,6.39,2.68,14,97.42,9.7,4.79
1424,53,28,24255,1610292,45,24,3.48,7,12,41,9,1.53,6.77,4.77,4.11,32,61.24,27.2,7.89
1425,53,28,34484,1749031,35,14,7.92,78,17,17,18,4.1,9.11,4.89,4.13,50,99.98,25.21,9.59
1426,57,15,145703,568854,58,24,3.04,2,14,19,2,2.06,2.48,1.49,5.22,27,74.79,18.01,8.65
1427,32,9,76549,714600,65,8,7.23,61,9,47,15,4.73,4.43,5.65,4.01,56,88.57,23.11,9.56
1428,23,29,54503,471918,60,7,3.1,46,15,24,18,3.88,2.27,5.54,1.97,25,50.11,14.16,6.11
1429,21,24,144465,519055,39,8,6.63,76,11,37,11,4.02,6.62,2.35,2.31,52,94.44,5.92,2.49
1430,53,19,93794,1648711,54,13,7.72,104,19,12,13,1.88,7.56,1.93,1.3,4,63.5,27.61,9.42
1431,30,4,145941,1034417,45,6,2.97,97,4,3,17,2.77,9.39,2.11,5.23,21,83.4,8.19,8.82
1432,49,0,126283,1330697,67,18,1.54,87,1,13,15,3.47,3.51,1.91,9.59,18,90.32,28.7,8.78
1433,33,29,120732,1748763,61,2,2.18,103,9,32,17,4.08,9.55,6.49,2.04,39,58.21,19.3,7.24
1434,32,2,65113,722355,68,8,6.45,95,0,27,9,1.42,1.57,2.77,9.52,15,72.13,12.64,6.62
1435,51,13,125730,1171877,49,11,8.65,60,6,36,11,4.85,6.43,3.26,7.6,53,74.69,17.39,1.13
1436,22,29,94069,1556715,66,1,1.4,31,16,7,18,4.56,1.51,2.56,6.74,38,65.61,17.54,7.73
1437,55,3,118117,380257,55,22,7.61,93,15,43,19,2.08,9.04,9.62,6.81,48,74.09,5.58,1.82
1438,43,17,25249,1124143,39,6,4.07,115,2,33,17,4.29,5.77,8.69,8.44,52,65.88,13.89,3.34
1439,37,24,145654,1355106,40,16,5.31,112,13,43,18,3.07,7.02,3.07,1.96,24,68.04,23.5,5.96
1440,46,0,139979,1621836,56,20,9.36,12,9,4,17,2.85,8.48,3.95,5.54,8,83.47,17.75,5.07
1441,28,14,39201,1217786,52,12,3.99,0,6,4,9,2.26,2.35,2.89,7.27,28,81.63,11.11,1.14
1442,49,8,145541,510545,48,11,5.19,33,16,30,7,3.32,1.35,5.43,6.28,21,61.61,13.38,8.42
1443,46,14,78576,828423,44,10,1.12,61,5,44,7,3.92,8.91,1.18,8.5,16,94.87,26.58,8.91
1444,30,23,138562,1224133,47,3,1.73,78,3,8,10,2.64,3.83,7.04,1.65,54,93.14,18.14,7.14
1445,46,3,145281,671616,65,13,3.33,107,16,41,5,3.52,2.16,5.71,7.22,16,75.45,18.21,5.87
1446,54,11,29686,1075158,64,3,1.25,77,8,31,13,3.8,5.22,9.09,5.81,35,71.66,29.04,9.65
1447,27,5,132413,913375,37,15,6.68,92,3,32,13,3.84,6.38,2.48,4.41,17,68.84,13.02,2.08
1448,24,23,73363,1216383,64,16,4.84,97,6,2,18,1.21,1.28,8.24,4.06,9,85.36,16.99,7.64
1449,31,10,117543,579215,40,13,5.93,81,1,29,16,4.44,3.47,8.13,6.59,57,83.58,25.29,2.16
1450,49,12,20661,1368650,63,17,2.57,117,16,49,10,2.83,1.3,2.14,9.02,35,59.81,23.97,4.44
1451,56,33,64843,1046084,42,3,3.66,70,7,11,8,2.05,4.78,4.59,5.47,52,83.57,11.64,6.27
1452,45,24,115673,1388477,67,20,6.97,92,14,28,11,1.97,9.06,2.53,8.42,29,62.62,8.78,7.63
1453,41,6,80963,573349,51,11,9.69,118,14,2,17,2.93,9.84,3.29,4.62,39,50.93,22.52,1.03
1454,56,3,133092,695807,45,21,1.45,30,7,25,13,4.55,6.73,3.37,1.92,18,84.96,11.44,3.35
1455,30,7,62828,1691405,47,19,9.01,63,15,29,8,2.51,2.45,6.01,1.55,12,82.24,28.07,5.84
1456,57,19,68604,1721174,45,22,6.19,24,18,8,19,4,9.15,4.7,1.46,19,70.54,8.23,5.8
1457,29,28,30526,1716207,65,11,6.08,37,10,25,16,1.39,5.65,9.53,4.42,48,76.28,12.96,6.74
1458,44,9,88910,878688,62,16,5.5,13,1,1,7,2.9,2.38,2.14,4.04,22,97.36,6.37,3.73
1459,55,33,45592,1504798,40,21,1.62,7,16,2,13,4.97,9.3,9.76,7.46,59,79.76,22.58,5.86
1460,55,25,48982,331852,50,3,1.81,90,15,45,12,4.08,7.82,3.08,7.69,56,82.89,27.28,2.71
1461,56,2,20207,1260374,38,22,6.41,53,14,3,4,1.84,7.59,7.96,1.46,49,53.2,20.9,2.68
1462,38,5,120969,677501,69,6,4.07,1,12,24,3,3.01,7.38,4.05,2.99,52,58.3,28.44,6.19
1463,59,4,137181,1405057,60,14,9.26,80,14,12,7,1.93,2.8,2.29,3.47,15,65.05,8.21,7.17
1464,52,4,108733,333691,46,24,4.66,100,3,38,6,2.64,2.9,8.72,5.93,1,76.97,7.19,2.08
1465,44,22,118936,694341,45,18,2.29,77,15,43,19,4.12,7.19,3.78,2.3,2,88.83,25.96,2.11
1466,43,8,144982,1546713,59,17,7.43,88,11,34,17,4.08,2.98,6.93,2.21,8,66.06,26.39,6.09
1467,52,34,145839,1346238,52,4,3.64,55,3,22,9,1.91,4.95,6.1,9.49,22,67.82,25.78,3.43
1468,57,19,88619,832726,53,23,5.73,93,2,8,12,4.69,8.04,5.25,8.24,25,62.81,24.97,4.53
1469,32,34,49328,1749796,57,15,7.28,92,16,1,11,3.37,8.06,5.46,2.63,2,62.73,14.06,4.61
1470,33,17,66479,1096184,52,11,9.1,83,17,40,13,2.52,5.08,7.59,4.66,51,97.44,10.44,2.61
1471,43,16,128427,1404002,60,3,8.13,84,17,43,7,3.01,8.13,1.79,4.2,9,81.77,28.22,1.01
1472,45,23,40103,539968,40,3,7.09,60,16,30,6,3.42,8.55,7.01,8.12,9,57.8,12.68,8.68
1473,55,2,59891,588963,38,16,7.12,116,11,43,10,3.24,6.89,9.06,5.59,13,86.11,14.96,7.44
1474,50,31,30754,795384,63,5,9.51,21,3,46,17,2.95,3.06,1.52,2.15,6,86.1,22.49,7.21
1475,37,34,119983,1178483,68,21,3.66,34,11,1,15,3.02,3.47,2.27,7.65,30,83.32,12.33,5.92
1476,40,12,101437,821121,51,10,1.01,100,19,31,9,1.71,3.83,7.45,4.57,15,56.74,25.48,7.31
1477,45,24,118540,1503865,50,19,3.45,15,14,17,15,4.25,2.05,4.94,3.37,51,70.4,6.75,9.42
1478,42,8,92982,1610077,36,4,2.96,49,15,12,8,3.17,3.46,4.63,4.38,53,55.34,24.78,6.99
1479,33,3,122747,819165,68,19,6.96,112,4,45,6,1.52,2.89,2.23,5.48,15,90.83,20.05,3.39
1480,39,13,75922,519780,42,11,6.7,42,14,4,19,4.06,5.1,5.56,4.09,50,82.76,19.32,6.14
1481,56,33,68231,1643714,47,2,6.34,16,16,41,3,4.73,9.18,2.14,3.18,7,75.36,16.46,4.98
1482,32,10,49301,1446332,42,10,1.15,79,17,43,12,4.79,1.94,5.29,4.59,58,67.15,11.93,6.01
1483,39,2,111652,742632,64,11,7.56,57,4,9,9,2.48,7.48,7.87,1.17,11,59.21,16.6,5.66
1484,32,27,140787,1227091,66,20,3.91,118,12,42,2,1.54,7.19,3.32,7.95,40,55.32,16.25,8.73
1485,29,28,146823,1327557,64,16,6.99,1,18,24,13,3.07,1.86,5.33,2.54,38,98.46,19.59,6.87
1486,27,8,82711,1444241,35,19,6.01,3,12,33,3,1.45,9.3,9.93,1.4,40,59.98,12.04,2.7
1487,48,2,61323,1510578,51,23,4.08,84,17,36,19,4.74,6.12,7.18,6.88,2,52.99,6.94,1.57
1488,34,24,38752,1610267,54,24,2.21,38,13,29,8,1.73,4.27,8.57,7.97,51,98.08,8.63,4.82
1489,51,33,117912,1470808,58,11,1.85,97,3,6,18,2.01,7.81,4.73,8.32,48,77.45,22.48,1.14
1490,39,11,102205,1793934,56,14,8.48,93,3,5,15,2.63,3.32,7.91,5.44,39,89.83,5.56,3.86
1491,36,8,118452,1591627,63,2,9.27,5,19,2,8,2.53,7.24,1.36,2.85,10,52.19,26.41,4.31
1492,25,14,33395,1506123,56,23,6.85,80,19,12,4,4.18,1.36,2.11,7.64,44,78.35,22.36,4.38
1493,55,24,105957,712104,43,5,1.93,102,18,2,7,2.83,8.55,2.83,7.3,17,69.91,24.2,9.81
1494,32,4,141237,608449,44,5,4.62,88,12,25,3,1.68,5.03,4.62,3.22,7,88.6,25.9,3.74
1495,45,10,76273,833634,62,19,7.56,68,11,23,18,2.07,6.73,8.61,9.13,54,51.92,8.07,3.39
1496,41,33,147431,1361339,62,21,8.02,68,6,5,13,3.04,2.99,4.12,1.94,40,70.08,25.56,2.16
1497,56,23,111878,490237,55,12,2.06,19,11,42,13,1.59,7.09,6.89,9.84,39,89.95,17.62,5.6
1498,43,14,24895,1156047,58,18,1,63,3,48,18,3.45,7.95,7.38,8.74,4,76.13,27.14,2.38
1499,36,7,139968,729332,36,4,7.41,15,1,41,11,3.26,5.26,6.28,7.19,35,77.5,27.16,6.55
1500,59,4,135700,945275,42,22,4.21,50,1,11,4,3.86,6.56,4.22,9.45,51,54.86,5.6,2.4
1501,59,25,96559,1565399,61,17,3.29,104,4,48,19,4.75,5.11,6.19,7.5,47,56.62,14.57,6.19
1502,34,17,30699,1439929,56,10,1.12,36,9,35,14,4.65,9.05,4.08,2.71,36,83.85,18.16,8.44
1503,51,5,85061,521373,61,20,5.86,103,9,1,13,4.78,5.48,1.75,4.98,31,83.75,21.96,1.38
1504,25,12,29715,1706368,63,6,8.66,72,8,10,18,1.98,8.58,9.94,1.64,25,98.96,12.15,4.78
1505,55,27,39169,849844,37,14,9.62,68,12,38,5,1.53,8.21,2.14,4.51,41,85.6,11.3,5.15
1506,43,4,145436,1145474,47,11,6.09,41,6,33,11,2.21,4.69,1.65,7.67,13,74.66,14.53,8.12
1507,49,12,138413,671233,44,11,5.63,56,4,25,12,4.58,3.07,8.91,4.48,18,92.87,17.52,5.21
1508,31,16,36163,1524744,43,18,1.77,65,9,17,7,4.89,4.65,3.72,3.97,21,55.22,28.78,6.11
1509,38,31,139264,968590,61,23,5.94,8,9,20,7,4.44,8.44,6.85,6.36,48,72.46,24.05,8.12
1510,32,28,25782,1770801,68,22,4.42,106,5,35,10,1.44,3.05,3.96,8.85,1,64.36,15.73,6.04
1511,29,2,108177,1550617,35,18,6.46,99,18,39,16,4.79,5.72,4.52,1.43,36,55.23,6.36,4.22
1512,30,33,149772,333866,66,24,4.5,85,7,45,3,2.69,8.25,3.36,4.47,50,88.18,9.21,1.77
1513,37,26,144481,1453976,59,23,3.16,63,0,43,5,1.04,4.18,4.09,2.42,8,75.54,16.4,7.57
1514,58,12,104328,1687695,63,11,1.85,85,16,21,6,2.77,6.78,4.7,7.26,52,77.84,25.35,8.84
1515,27,32,135028,735071,41,21,3.83,21,6,29,18,1.18,3.21,7.48,1.95,48,70.56,14.52,9.73
1516,33,5,55585,1692277,37,12,1.87,33,13,49,9,3.18,1.98,5.6,6.98,21,73.02,18.46,9.34
1517,29,23,50682,1486064,54,5,2.59,54,16,42,9,2.35,8.15,9.49,3.58,43,55.8,27.3,8.18
1518,47,18,67864,896804,54,23,9.89,28,8,29,13,2.89,1.89,1.38,2.79,52,83.65,27.84,6.79
1519,22,15,149992,486987,64,9,5,37,16,7,9,3.45,3.44,5.53,9.43,53,71.62,10.39,8.03
1520,25,27,104416,711274,69,9,5.79,109,4,33,4,4.48,8.7,6.26,1.17,53,90.84,6.09,4.89
1521,49,32,75114,733934,69,22,8.86,96,19,46,19,3.65,4.12,9.28,4.94,21,59.81,12.64,6.35
1522,57,12,147810,594746,61,10,9.96,17,7,8,16,2.74,9.76,1.44,1.19,27,60.25,22.4,4.14
1523,58,24,58067,1537715,60,22,6.24,70,5,19,7,4.28,9.82,6.16,5.35,19,82.29,28.78,3.94
1524,39,26,62685,458588,48,19,8.31,64,10,39,17,4.62,3.41,8.68,5.51,23,92.3,6.93,7.81
1525,28,6,142262,1554311,51,1,3.94,96,18,24,9,1.48,1.37,3.18,3.89,51,73.61,5.71,5.09
1526,21,4,38073,1610875,52,7,3.75,0,3,18,17,3.13,7.35,8.89,2.19,50,86.35,27.1,2.91
1527,42,30,56035,423950,63,4,4.62,87,17,4,19,2.14,5.06,1.17,4.39,51,99.97,23.7,2.82
1528,37,22,84977,629638,54,1,7.05,3,0,10,17,1.19,1.91,7.59,7.05,43,99.51,29.81,8.73
1529,27,9,122710,900517,61,15,7.14,3,12,14,12,3.67,7.37,9.4,8.04,35,87.22,14.92,7.1
1530,45,31,110373,1453224,52,8,3.84,81,13,7,8,4.45,1.28,6.91,5.78,40,86.98,15.4,5.91
1531,24,29,103362,338547,38,12,2.2,26,0,18,18,1.65,8.83,4.95,6.31,52,62.38,9.31,4.61
1532,56,30,110517,853083,35,22,6.69,42,10,22,18,4.25,2.25,1.4,2.81,51,91.68,7.9,4.88
1533,26,17,85450,486368,35,22,2.15,58,16,26,13,4.41,2.15,9.28,3.59,42,70.26,19.47,1.52
1534,51,1,30382,845735,60,18,6.21,31,3,39,14,4.66,2.58,5.23,2.46,48,98.1,14.11,5.09
1535,39,13,24437,1604766,54,15,7.24,32,11,31,11,2.06,9.64,1.26,3.24,5,54.07,7.01,8.16
1536,59,12,90971,506402,57,17,7.31,27,9,25,8,4.62,7.24,7.21,3.02,52,71.79,27.17,4.49
1537,47,28,84612,1600995,44,14,7.78,105,5,26,15,2.28,8.21,5.34,5.68,41,77.79,9.96,4.45
1538,30,11,110355,1054105,45,14,8.86,104,0,18,2,3.21,4.58,2.12,6.06,8,70.26,23.71,1.14
1539,46,1,81929,1149710,39,18,5.5,54,6,49,18,1.2,4.03,2.93,9.5,11,60.53,12.06,5.12
1540,39,31,122411,879365,35,20,7.57,99,15,41,5,1.18,3.11,1.58,2.76,16,79.65,25.32,1.23
1541,59,12,117518,412782,51,18,6.57,59,13,28,6,3.88,5.33,6.17,6.78,39,87.8,7.96,6.13
1542,23,26,118864,1339550,56,16,2.68,69,19,38,8,2.78,5.97,6.6,8.36,47,82.24,23.9,5.56
1543,33,16,32329,927220,68,1,1.23,61,19,40,11,2.03,6.69,5.55,6.04,24,61.72,7.45,8.56
1544,48,30,145605,1311316,63,23,3.56,79,5,32,18,1.76,3.31,8.35,3.3,21,86.58,16.17,6.24
1545,40,33,45169,743316,38,11,4.99,33,4,18,8,3.68,9.54,8.75,3.36,52,62.84,23.35,3.91
1546,48,23,107468,1720589,39,15,6.55,86,17,36,2,1,2.53,6.54,1.35,23,58.76,9.33,5.65
1547,28,34,54594,1659501,45,12,8.65,113,14,18,8,4.22,9.69,1.11,3.75,49,84.53,12.14,7.3
1548,59,5,96957,1534915,55,8,2.77,105,5,32,12,1.32,1.13,7.26,7.7,38,92.14,26.62,1.85
1549,21,18,80631,775595,69,22,2.13,87,18,46,10,1.77,5.33,4.76,1.43,47,74.08,27.13,6.59
1550,23,29,65033,1765744,46,20,9.67,55,0,15,13,2.54,4,6.09,2.97,8,76.57,6.12,9.25
1551,33,6,83133,1447272,60,6,1.97,112,0,22,4,2.94,5.04,6.84,7.36,7,65.14,9.2,3.69
1552,48,9,93165,350939,53,3,5.31,12,12,6,5,2.42,6.14,4.15,8.04,2,74.73,7.94,6.64
1553,45,31,93861,441521,41,24,6.27,55,2,25,5,2.28,4.92,9.25,5.1,30,56.6,9.49,8.39
1554,53,33,72290,1173093,41,13,5.87,17,9,31,14,4.86,4.73,2.21,7.28,13,97.79,29.25,5.61
1555,58,27,114031,1683674,60,13,1.77,53,2,11,11,3.57,7.59,7.04,4.49,23,90.02,18.79,7.46
1556,26,14,51750,1109178,39,2,1.51,76,8,7,6,1.09,7.17,1.04,2.44,29,83.4,16.7,3.8
1557,52,29,115155,883098,55,5,1.95,112,7,4,8,2.72,8.5,9.32,4.58,38,76.91,29.61,3.75
1558,41,28,60461,942650,48,17,6.27,100,2,41,17,4.5,3.25,2.01,6.22,37,89.61,18.92,7.01
1559,36,21,93800,776513,38,6,5.9,42,12,27,2,2.21,6.49,1.85,9.53,20,74.74,21.53,7.35
1560,41,3,98222,1494871,57,2,3.1,38,5,4,13,1.38,6.27,4,1.62,33,65,13.32,9.43
1561,31,19,132020,765453,54,4,6.74,60,12,48,3,4.03,4.33,4.36,5.57,29,58.02,14.55,3.02
1562,57,31,44226,1021037,49,22,8.38,41,19,25,8,3.42,5.37,2.93,3.96,50,82.38,19.86,5.21
1563,56,3,26721,1613379,63,11,1.37,80,19,4,12,3.28,3.82,6.27,5.57,15,96.47,6.74,3.25
1564,55,26,76154,1435092,42,8,5.48,78,11,21,14,1.21,2.28,4.99,1.22,23,57.68,11.4,1.72
1565,39,16,40609,1423143,53,12,7.2,17,12,14,3,1.56,2.92,1.31,3.82,42,59,9.92,4.63
1566,40,11,72130,426498,62,8,3.27,22,1,12,8,3.49,1.95,3.88,8.38,3,71.68,5.4,4.37
1567,38,21,92909,1002098,61,11,3.77,53,15,27,16,1.83,7.15,8.29,5.99,37,90.34,18.42,3.43
1568,34,16,124211,1321469,38,22,6.52,114,5,32,12,3.02,6.95,7.21,5.06,56,64.7,19.03,3.67
1569,35,9,75249,764894,49,20,9.08,29,18,42,3,3.18,9.56,7.52,3.57,29,62.7,14.6,4.24
1570,51,0,68895,584154,69,8,8.29,97,12,22,8,2.13,7.57,7.28,3.68,45,81,11.72,9.9
1571,21,21,114473,1095219,35,8,6.25,57,16,32,5,4.79,1.47,3.8,4.45,8,76.78,21.3,8.05
1572,23,25,25656,439544,37,17,7.57,67,8,42,12,4.37,8.96,1.9,8.52,22,53.01,8.37,1.64
1573,36,17,144865,546183,58,20,4.28,66,16,17,3,3.89,8.76,3.45,9.7,53,54.07,17.97,8.85
1574,43,13,94520,978743,61,20,6.77,70,1,49,17,1.31,4.99,8.49,4.95,29,82.15,24.2,6.7
1575,31,28,83740,1672429,68,23,5.2,119,18,29,8,1.42,6.27,9.82,4.54,2,73.26,9.11,9.02
1576,32,11,84309,763001,63,16,2.71,17,18,25,14,2.97,9.78,5.44,8.62,41,98.55,23.83,4.08
1577,30,34,49984,1383094,58,14,7.32,105,6,15,6,1.64,5.79,1.09,4.84,49,83.93,24.02,5.18
1578,52,11,138947,353909,58,11,6.01,6,9,12,18,4.91,9.15,2.26,5.97,59,50.5,6.5,9.07
1579,36,6,93822,1024984,38,7,4.23,39,9,38,13,1.63,1.75,3.9,3.08,50,74.05,5.47,3.45
1580,28,28,25901,1270834,37,16,9.2,69,19,32,8,2.95,2.72,6.21,7.69,45,70.72,29.35,9.24
1581,58,10,51552,815693,68,13,1.19,85,8,25,7,2.46,4.97,1.68,5.79,1,55.34,9.83,8.46
1582,32,32,111245,839570,57,15,3.84,64,16,47,9,3.56,6.26,9.49,8.28,44,96.16,25.55,9.83
1583,44,5,51055,539017,57,24,1.51,67,14,0,14,1.52,8.35,4.29,8.03,20,90.25,19.05,3.92
1584,48,14,57685,714994,39,16,7.9,109,1,48,6,2.72,9.89,9.21,2.94,52,61.5,11.61,3.12
1585,28,31,93965,1241768,65,21,7.32,48,3,37,3,2.1,4.5,8.02,7.44,21,62.8,8.25,3.98
1586,48,10,34716,752891,40,23,3.98,51,18,1,10,4.55,1.43,7.8,8.2,37,51.6,17.42,9.59
1587,56,22,134099,1376941,44,24,7.08,113,16,48,12,1.16,8.21,6.46,4.11,8,64.84,15.18,4
1588,46,25,31138,765982,41,9,4.56,106,4,5,7,4.65,6.44,6.64,2.55,27,79.23,22.47,6.09
1589,28,33,55298,741416,55,3,7.81,28,6,45,8,4.33,2.79,6.74,1.02,47,71.04,27.6,4.63
1590,48,33,71112,573146,54,19,5.09,20,17,49,8,2.19,5.45,6.66,5.06,59,98.46,25.13,4.57
1591,48,28,43429,1624667,37,20,4.71,89,6,37,7,4.16,7.68,5.98,4.17,35,52.8,11.86,2.74
1592,57,3,70200,1558870,56,5,9.41,77,16,41,12,1.12,7.93,9.88,5.99,6,79.57,26.97,5.83
1593,56,16,91308,1464795,38,10,3.26,8,6,23,12,4.87,5.5,7.59,2.69,45,92.92,25.83,8.64
1594,47,34,68244,1689330,62,17,2.08,46,3,17,8,3.11,3.75,7.99,8.74,44,74.04,28.23,1.45
1595,37,12,137217,1138574,46,15,6.26,75,7,26,3,2.21,9.76,8.85,3.32,19,50.15,16.47,9
1596,29,14,134055,880595,39,23,9.72,41,12,40,5,2.45,6.97,2.94,3.04,18,62.14,24.21,6.99
1597,53,28,121268,1484141,47,8,4.4,50,3,7,7,1.27,4.67,1.75,5.33,56,66.19,19.79,6.55
1598,40,28,125441,1079383,57,15,1.56,55,5,27,18,4.96,3.52,5.35,5.49,1,98.3,12.76,6.63
1599,33,10,37347,612229,64,21,4.05,50,4,9,6,1.16,7.58,5.63,2.94,25,95.59,29.86,3.67
1600,48,31,36920,858516,59,14,5.55,69,11,16,8,3.62,3.18,8.46,3.45,27,97.46,5.96,4.74
1601,49,1,51822,1035036,61,20,2.46,19,3,28,10,2.77,2.55,4.99,2.53,7,91.29,9.06,8.19
1602,33,13,66659,1773447,48,7,6.92,87,8,5,2,4.8,5.77,6.14,7.47,44,67.58,27.31,3.76
1603,55,19,60108,867760,50,21,9.98,26,3,13,2,1.98,3.61,5.74,7.93,42,95.29,6.51,5.23
1604,26,21,148955,1135869,56,23,5.07,37,18,21,7,3.13,6.66,1.34,5.16,29,99.08,27.17,1.18
1605,38,10,109099,1266920,55,12,4.19,71,13,5,19,2.93,2.06,6.54,7.43,31,67.5,22.88,7.6
1606,25,26,27967,1146143,55,17,4.61,64,4,25,11,3.81,6.89,8.45,7.62,44,63.03,5.92,4.76
1607,45,2,130719,1486464,42,17,2.04,53,17,38,12,1.27,3.55,2.42,2.24,43,77.35,15.73,5.73
1608,22,16,31871,377175,50,10,8.95,112,9,11,2,1.78,1,6.35,9.7,36,59.36,23.86,2.03
1609,30,27,114299,888595,65,19,4.73,112,18,34,2,1.86,2.14,6.34,8.39,19,51.63,19.58,9.93
1610,50,28,97452,1657453,44,14,4.49,23,11,13,14,3.95,9.4,2.48,2.84,6,97.29,28.4,3.72
1611,25,20,94270,1214634,66,11,6.94,46,17,21,6,1.76,8.81,2.11,2.68,25,96.29,26.69,6.71
1612,53,15,53613,395028,68,2,4.98,70,16,22,2,3.29,3.1,9.82,2.13,31,58.13,13.32,6.23
1613,21,19,48179,1490888,43,18,6.83,82,10,47,4,1.86,8.01,4.54,2.25,9,70.39,7.12,8.07
1614,38,5,140465,791450,51,7,1.55,85,2,6,19,4.45,6.48,3.05,7.73,20,91.55,28.61,3.64
1615,52,18,72188,1441069,45,12,8.32,62,16,39,10,4.77,9.74,2.54,5.23,10,83.05,17.93,7.8
1616,31,4,75099,425149,66,2,9.46,56,0,49,15,3.07,4.36,7.01,8.05,37,69.74,6.86,4.44
1617,41,2,55262,1053704,44,20,6.84,54,14,24,18,2.41,7.13,6.49,7.72,27,87.21,25.41,4.7
1618,46,0,98213,1551011,56,18,9.59,59,8,12,15,1.94,1.57,6.79,6.44,13,94.85,26.71,7.05
1619,45,14,137407,463834,51,6,2.36,98,14,20,5,1.2,4.57,1.79,7.18,41,96.31,20.99,8.06
1620,42,33,38268,570403,38,24,5.3,61,2,40,6,2.07,9.67,9.04,1.17,2,68.94,16.19,7
1621,47,34,97866,1529787,59,10,6.42,29,18,9,18,3.62,5.85,4.5,3.81,50,58.68,21.55,9.1
1622,33,24,106269,1215207,55,20,6.24,92,12,8,3,3.13,3.59,3.82,6.74,21,95.64,22.67,3.57
1623,53,23,80545,1625569,35,15,4.61,21,11,14,6,4.78,2.08,5.16,1.08,33,54.63,27.33,9.11
1624,54,11,123483,1692488,59,5,4.04,74,19,1,5,2.59,7.33,4.51,1.3,24,86.08,28.9,2.18
1625,55,17,112822,1716828,51,20,2.14,83,0,24,5,3.78,6.8,8.77,8.67,53,57.02,17.86,6.94
1626,21,14,92146,617013,58,3,4.53,28,16,12,7,2.96,4.37,9.36,7.16,44,69.47,24.96,5.93
1627,41,15,91966,1213320,36,5,2.46,114,12,33,14,3.05,9.56,3.73,3.39,42,70.58,29.11,5.45
1628,26,26,59922,1411671,49,8,7.61,40,0,33,6,2.07,1.2,8.78,7.19,34,57.94,8.78,3.8
1629,48,7,99364,1466462,66,8,2.88,41,9,34,8,2.82,3.73,8.03,8.13,9,96.13,5.46,5.53
1630,37,24,62913,1157342,40,8,1.53,97,14,37,2,2.88,9.29,9.38,3.76,2,50.13,26.72,2.46
1631,25,16,117033,585711,35,12,5.97,64,6,2,15,3.83,3.89,3.21,1.32,55,94.69,9.88,4.32
1632,51,28,124792,1383868,57,24,6.36,30,17,41,5,4.76,3.27,6.19,9.4,56,94.19,6.06,1.89
1633,25,7,139425,1423389,51,23,8.85,29,15,5,18,2.32,5.81,3.47,4.11,30,65.85,9,6.15
1634,58,14,75677,921424,68,8,6.19,111,13,47,15,1.17,8.41,8.42,1.96,22,85.21,14.6,1.86
1635,23,26,122154,875919,63,11,4.11,17,17,48,17,2.99,1.93,1.05,5.43,46,62.64,10.48,2.44
1636,43,6,69841,309885,43,14,8.23,118,6,18,15,3.18,9.49,6.08,7.92,11,87.94,12.63,1.77
1637,57,2,66332,1533954,47,8,5.86,16,16,2,17,1.67,8.16,4.05,2.99,55,78.06,29.38,4.43
1638,57,28,112062,1152746,40,24,1.71,37,17,17,9,4.04,2.63,3.9,3.43,43,65.01,22.61,8.58
1639,30,23,139863,1675807,40,10,6.09,13,11,38,4,4.94,7.41,6.8,3.18,17,70.01,22.8,9.16
1640,30,2,115694,722381,54,7,9.17,86,7,8,2,4.78,4.46,8.66,9.93,36,84.49,7.37,1.65
1641,39,19,45032,1276433,37,17,4.57,88,1,11,3,1.79,4.62,6.48,2.78,13,95.3,23.3,6.71
1642,37,14,57846,760244,51,4,3.67,78,6,4,16,4.5,8.05,8.68,6.18,7,56.54,23.48,7.16
1643,41,24,79474,874100,46,13,2.29,109,3,2,11,3.82,9.67,3.38,9.33,16,78.57,21.49,5.8
1644,34,29,64936,1005860,35,4,2.36,55,17,10,19,2.82,2.14,5.68,2.32,33,62.69,10.71,7
1645,29,13,49794,1669363,51,5,4.89,21,5,29,15,3.16,4.79,5.05,9.74,45,90.07,15.58,3.1
1646,21,6,81588,344900,37,22,6.36,66,8,3,18,4.4,5.33,1.1,9.53,1,53.51,26.16,5.41
1647,33,16,90984,1784738,60,4,1.73,55,8,4,14,2.92,4.39,6.01,8.96,11,84.45,21.76,4.52
1648,24,19,70331,701067,49,18,9.46,118,13,0,2,2.49,4.27,6.95,2.93,6,58.75,23.32,1.81
1649,21,8,114397,1102720,66,6,7.8,18,7,26,6,2.97,1.47,6.33,6.71,20,79.82,19.68,6.63
1650,52,21,48141,1421268,66,24,6.28,56,18,27,14,3.32,7.17,7.63,7.85,35,91.78,16.24,5.46
1651,54,1,29074,760796,38,24,8.46,43,2,28,15,1.76,4.93,6.14,9.87,44,87.75,23.98,3.48
1652,48,23,26406,1749160,52,23,1.72,97,17,17,4,4.6,2.75,1.6,2.62,37,87.65,6.7,5.26
1653,51,7,117359,1394979,53,22,5.29,34,4,11,16,3.7,8.34,2.05,7.89,41,75.89,21.83,7.98
1654,28,10,143279,1095600,69,2,6.67,113,13,12,18,3.53,8.22,6.37,4.05,26,94.54,29.93,8.21
1655,59,12,43291,1304001,48,23,8.46,0,3,40,4,1.4,5.38,3.47,2.58,58,79.41,24.5,6.85
1656,46,16,61568,612023,67,11,8.05,51,6,1,17,3.42,3.69,1.72,4.79,12,95.88,12.26,5.21
1657,54,7,117539,1408447,48,14,3.49,84,19,36,15,1.48,6.74,4.87,8.14,30,77.33,11.95,6.18
1658,23,20,66851,1329127,68,5,9.47,92,11,44,13,1.31,3.59,5.99,5.18,28,75.3,21.68,4.47
1659,32,17,119942,791862,38,6,2.12,69,1,15,13,3.11,3.12,3.96,5.84,27,61.12,27.4,2.14
1660,21,29,74823,1380750,58,10,8.88,36,10,47,12,2.61,7.57,7.48,9.96,42,77.24,19.45,4.47
1661,25,17,43312,1055111,63,8,9.74,64,13,23,18,3.36,1.36,6.79,4.59,19,57.03,18.19,5.77
1662,50,30,63108,523563,53,14,2.59,50,15,34,9,1.36,1.85,4,6.54,5,93.48,9.01,6.39
1663,50,31,86918,437653,40,24,7.5,0,19,21,18,2.72,1.06,7.79,4.29,58,83.79,22.89,9.42
1664,37,10,54171,410155,67,3,1.36,90,5,35,12,1.7,2.38,6.84,4.54,5,99.68,22.56,8
1665,43,24,61779,633997,53,12,4.65,20,3,10,3,4.95,1.62,6.74,7.26,41,54.6,29.17,2.37
1666,35,32,88828,1660398,35,16,5.65,52,14,45,11,3.24,9.96,5.98,9.44,27,62.03,12.5,2.57
1667,57,7,127315,1476371,39,23,6.23,15,0,28,11,3.75,3.6,1.1,5.88,28,93.86,23.91,1.9
1668,41,10,118723,388668,61,17,9.42,107,6,34,12,2.3,2.34,7.27,7.92,26,69.76,15.85,7.64
1669,34,21,32411,1037685,50,1,7.05,60,11,47,7,1.38,3.17,4.38,1.8,27,73.32,18.96,7.36
1670,22,23,122821,969927,40,23,5.33,53,9,14,5,4.9,9.43,9.48,2.9,52,93.03,25.41,9.88
1671,31,16,137990,1279448,47,10,8.29,39,4,30,13,2.15,5.68,8.36,5.52,49,76.09,10.55,5.7
1672,59,11,77009,853091,69,23,9.55,25,11,41,12,2.7,4.28,6.29,1.18,42,59.67,13.57,8.44
1673,58,31,35422,973590,53,10,1.2,79,17,40,14,3.6,8.86,3.27,3.28,21,94.6,24.33,6.19
1674,54,14,62468,973222,46,21,9.84,91,9,42,6,1.1,4.55,2.83,5.66,1,51.55,19.26,8.87
1675,58,15,52371,1785147,50,24,1.78,64,5,15,7,4.24,4.02,4.06,1.13,54,94.77,7.31,7.49
1676,54,21,77022,1248763,44,2,8.33,99,11,9,2,3.15,2.87,5.29,3.38,28,52.53,15.75,6.79
1677,38,27,91229,1578723,59,9,3.52,73,6,48,7,2.11,4.4,3.66,5.63,48,83.29,19.67,6.09
1678,50,19,119071,1304949,54,22,2.19,63,17,31,19,1.25,3.85,5.63,6.16,58,53.58,27.74,7.51
1679,35,32,71196,855083,65,13,4.96,42,1,1,10,1.65,7.1,2.49,9.33,58,85.31,9.71,4.78
1680,47,9,100354,570914,38,16,6.8,16,9,23,16,4.58,3.61,9.8,6.81,15,51.7,25.15,1.87
1681,54,31,116774,1741985,57,18,4.43,58,14,22,9,3.74,6.19,1.97,4.73,55,92.12,8.27,1.36
1682,58,32,116410,662455,36,19,1.49,22,11,1,17,2,1.59,9.39,9.37,17,73.3,11.06,5.31
1683,53,1,46715,579713,56,12,6.4,6,16,37,7,1.26,2.72,9.22,8.06,26,54.67,11.08,6.39
1684,44,32,47605,1334586,42,8,9.12,43,3,30,7,3.76,4.67,5.73,2.8,20,85.34,26.94,1.71
1685,35,32,119853,1652790,41,17,4.45,52,6,39,4,3.29,9.43,7.52,2.18,25,74.46,9.98,3.58
1686,50,12,51174,1303429,48,15,2.95,70,8,25,11,2.62,4.4,4.92,7.08,13,59.55,24.67,3.9
1687,37,29,29956,864485,37,10,4.98,107,18,28,2,2.45,6.98,6.67,6.04,33,50.78,16.55,6.07
1688,25,32,124444,457584,50,15,1.44,78,6,2,15,1.87,3.3,4.07,8.11,25,70.9,29.98,3.51
1689,49,12,96373,1224220,53,15,8.38,33,1,13,5,3.68,2.14,3.71,7.65,8,54.28,25.98,1.86
1690,24,25,89252,1697515,52,23,8.44,45,5,24,13,4.88,1.53,6.2,6.63,5,54.71,23.49,2.48
1691,30,21,81949,591077,50,7,6.29,108,17,47,7,1.7,3.75,5.48,9.88,6,63.37,26.77,2.57
1692,37,1,82646,1324729,42,13,4.18,67,5,0,12,3.39,2.42,6.22,5.8,23,81.52,20.85,8.58
1693,30,25,90017,959738,67,17,8.2,77,12,2,13,2.7,2.57,3.58,2.02,52,76.5,26.09,3.56
1694,37,14,83037,674226,46,9,5.99,77,18,25,11,2.79,7.85,4.3,8.45,30,53.45,11.53,7.43
1695,40,33,109818,1765792,45,8,8.43,15,1,17,19,2.02,1.14,1.76,3.27,14,98.42,7.44,6.11
1696,44,10,26548,1459608,39,20,6.68,70,11,8,8,4.3,6.02,1.47,8,54,94.36,20.4,9.79
1697,25,2,136981,1555516,61,21,8.06,95,14,37,8,2.94,4.42,3.28,9.61,23,62.96,15.87,3.46
1698,54,5,123141,1653324,46,18,6.39,18,13,22,12,3.17,5.56,1.67,7.27,11,56.12,15.66,2.43
1699,26,8,93294,761552,51,13,4.73,1,5,20,5,2.22,6.07,1.93,6.36,31,97.12,18.17,1.47
1700,22,5,129204,1575303,40,16,9.62,9,17,0,2,1.73,3.82,8.32,5.14,6,73.06,14.03,3.17
1701,33,8,43177,373869,67,9,5.87,49,4,20,14,1.34,3.66,1.35,4.28,11,65.56,20.65,7.16
1702,31,30,44022,1169807,39,12,6.45,80,17,26,19,3.86,7.6,6.93,4.18,13,74.52,5.76,1.77
1703,43,31,126297,1018675,62,12,2.98,100,2,41,10,1.78,8.84,3.45,6.73,12,88.64,29.25,3.2
1704,36,11,140695,502416,48,6,6.63,11,2,5,10,3.76,2.73,8.84,7.76,54,58.42,28.12,8.7
1705,51,7,25542,878533,39,19,6.14,69,9,43,10,2.56,1.88,5.36,7.11,2,88.37,28.38,6.25
1706,31,7,111012,867344,67,7,2.66,21,18,35,11,2.66,9.08,3.75,2.79,53,87.47,14.13,1.63
1707,36,27,116320,1759501,53,3,1.54,31,2,27,3,2.88,4.15,5.66,5.45,35,76.97,18.3,1.43
1708,28,19,80428,1075024,56,16,6.44,104,11,44,7,2.47,5.96,4.44,8.12,55,93.29,28.85,1.55
1709,24,6,42740,1669277,39,18,7.87,83,15,16,16,1.4,4.24,6.08,5.28,36,56.61,27.56,9.48
1710,24,10,79353,1628263,36,16,5.71,0,16,39,4,2.24,2.13,2.03,5.83,17,79.77,24.76,8.65
1711,45,19,110353,730634,64,23,3.04,53,6,2,12,3.65,6.3,9.97,7.94,28,72.47,15.18,8.6
1712,23,15,133132,1049971,38,7,7,110,12,11,7,3.66,5.73,4.83,6.95,28,71.11,19.11,9.32
1713,52,3,76532,796507,67,4,1.72,116,1,38,4,2.14,2.83,4.13,4.68,22,62.63,24.82,5.55
1714,23,5,36052,1331008,47,8,4.98,57,3,11,12,2.84,5.07,7.39,9.06,38,68.61,11.83,3.23
1715,47,21,120689,1758516,54,13,2.47,69,9,1,16,1.77,8.17,4.28,2.46,7,55.41,20.66,4.61
1716,49,25,67076,565972,41,13,2.66,82,6,45,14,1.84,6.31,8.5,9.96,15,62.58,25.7,7.47
1717,52,2,73420,1465232,49,17,2.82,17,16,21,11,1.09,1.87,5.09,2.07,32,63.6,22.69,8.88
1718,39,13,20671,1365663,57,17,4.48,5,19,22,7,4.59,5.93,7.48,1.13,11,86.03,16.99,4.92
1719,41,10,20163,1642057,48,5,1.46,44,5,29,16,1.84,7.32,1.97,9.01,24,52.43,19.62,5.82
1720,25,17,61424,436554,57,6,4.58,96,18,4,19,1.91,8.13,8.62,3.2,3,82.56,29.72,9.39
1721,38,11,129538,785757,53,19,5.61,22,4,8,19,2.12,6.66,7.62,7.57,30,61.07,20.05,1.97
1722,48,22,73744,482024,63,13,5.35,22,9,20,8,1.51,2.37,2.91,8.3,6,54.09,24.64,8.76
1723,42,11,90331,1485111,54,14,4.45,25,8,10,16,3.56,7.39,2.31,8.73,58,65.04,23.17,2.43
1724,41,12,30634,1067524,63,22,8.55,76,12,4,19,1.3,7.1,3.85,9.92,2,61.22,22.54,5.35
1725,26,24,24798,1741296,58,4,2.31,6,18,34,19,1.54,1.22,9.78,3.65,14,77.6,22.91,2.97
1726,21,18,42420,595767,52,7,5.55,78,5,26,10,3.58,4.71,3.31,7.39,41,67.87,16.36,6.43
1727,25,7,137043,335634,44,8,1.56,43,3,48,3,2.36,4,5.11,2.04,18,98.3,16.85,6.03
1728,32,28,140575,676742,42,13,1.64,26,2,1,9,3.83,7.02,1.27,4.66,51,98.18,16.7,4.42
1729,46,31,147158,611478,60,6,6.16,25,2,23,3,3.23,2.95,4.58,8.63,44,72.19,5.83,8.77
1730,54,17,49300,1155080,63,6,6.09,96,3,30,12,2.02,6.32,6.14,4.31,31,89.75,11.03,6.94
1731,34,5,109881,846495,44,24,8.9,78,4,32,8,3.6,9.22,9.58,6.32,13,50.66,8.86,7.49
1732,46,17,30749,773866,51,21,6.02,35,7,38,7,1.47,8.18,5.65,5.53,26,77.39,27.16,2.36
1733,47,18,124131,905842,36,3,9.64,108,15,29,11,3.15,9.29,8.37,6.81,44,87.16,11.87,8.95
1734,29,21,45121,907564,40,3,1.44,54,2,45,6,2.75,9.81,5.92,9.76,12,60.85,8.46,2.5
1735,46,31,148563,1277022,39,13,1.88,63,11,36,12,2.07,1.1,1.37,1.5,18,53.06,7.99,3.01
1736,42,2,57487,1663501,62,22,1.4,90,7,27,2,3.42,6.6,3.84,6.17,9,57.8,22.5,2.15
1737,50,27,113947,1008140,39,2,2.67,56,12,30,3,4.49,4.72,6.18,8.77,49,72.09,5.15,4.96
1738,37,9,53361,492512,52,16,5.87,68,3,10,2,5,8.74,9.56,5.33,21,75.32,16.78,8.99
1739,46,34,41223,1261703,60,22,6.81,60,13,22,3,3.43,3.27,8.73,1.71,48,69.04,7.97,3.27
1740,56,28,92930,491420,54,6,1.41,1,13,1,5,2.62,9.83,3.06,6.04,49,72,26.24,4.36
1741,21,14,34056,1010644,61,8,9.51,54,12,39,13,1.9,6.52,2.98,3.99,53,73.51,28.96,8.61
1742,28,32,48380,1551772,46,23,8.58,96,5,40,19,2.03,8.14,2.81,2.39,56,88.47,28.97,6.56
1743,55,6,46035,1548495,41,8,3.67,79,16,26,2,2.92,1.77,9.3,8.64,40,55.26,16.05,7.76
1744,35,11,50620,1764224,37,6,1.69,86,3,34,2,2.47,2.65,8.67,5.69,43,88.45,21.11,2.93
1745,42,29,39877,557324,44,14,2.53,37,7,1,15,4.66,7.83,7.97,9.4,24,84.43,19.99,7.45
1746,34,20,145481,1019449,68,3,2.14,118,16,38,5,2.47,1.2,4.53,8.25,34,87.08,13.75,3.05
1747,46,30,75316,1167780,59,10,2.11,79,2,36,6,2.49,8.35,5.54,7.24,8,86.72,16.1,9.89
1748,48,23,84041,730599,69,3,5.67,77,16,20,12,2.53,1.13,5.18,1.05,44,73.53,6.61,6.04
1749,43,19,128940,675960,50,12,3.21,28,8,4,14,4.35,6.91,3.28,4.85,53,60.57,24.89,7.26
1750,34,3,137360,1034042,36,17,4.22,25,1,44,17,3.6,4.29,5.55,2.78,33,76.83,11.02,2.07
1751,44,27,73352,947341,58,5,9.91,34,12,20,14,3.46,6.5,1.27,9.2,23,97.9,16.51,3.26
1752,22,19,50911,1532541,44,20,7.16,78,19,28,3,2.34,7.26,2.19,2.57,13,79.43,17.02,2.26
1753,46,23,52784,1515468,56,9,9.54,66,1,19,17,4.27,4.08,8.98,3.57,54,50.55,19.02,4.51
1754,34,31,23191,434832,60,21,2.28,86,19,37,7,1.15,1.97,7.77,5.65,53,52.99,25.45,3.56
1755,27,33,53160,1501838,61,20,4.44,28,10,19,15,4.48,1.63,4.81,3.37,49,99.64,22.3,7.6
1756,23,1,110536,367411,63,7,5.99,33,14,49,2,3.05,6.3,5.65,2.89,14,53.6,21.58,1.98
1757,43,14,124576,585521,54,22,1.69,96,10,24,18,2.59,5.69,4.33,6.39,14,52.3,18.17,7.77
1758,38,33,84641,1788529,61,4,1.04,40,2,1,12,2.99,7.68,7.67,1.8,16,67.65,7.4,1.41
1759,58,5,69723,1287073,54,13,7.03,40,2,31,4,3.67,5.59,8.06,1.52,49,98.47,15.05,2.82
1760,55,11,23631,1386787,53,13,6.78,22,11,25,12,1.05,4.8,7.87,4.35,38,65.93,28.93,8.13
1761,35,2,26172,513981,54,10,4.7,70,4,5,6,4.49,4.58,7.5,7.49,58,70.49,29.89,7.68
1762,45,17,62080,565888,69,18,5.41,2,19,40,18,2.79,1.24,2.84,5.99,39,81.7,23.26,5.29
1763,57,20,109097,1080926,36,17,4.74,57,6,2,8,2.37,4.02,4.04,4.81,26,51.21,10.69,1.45
1764,48,14,110353,587139,64,20,1.22,31,6,32,11,1.55,9.78,5.23,6.09,26,94.89,7.55,6.49
1765,30,32,40281,858830,68,20,4.02,30,12,0,12,2.76,8.86,3.98,4.29,1,75.97,15.37,4.66
1766,59,34,48671,310651,56,13,2.59,81,8,4,4,2.99,3.96,7.79,9.43,32,73.34,26.41,3.85
1767,37,25,142811,1447815,37,17,1.89,42,12,12,11,2.61,6.29,3.96,1.49,57,93.04,23.05,6.76
1768,59,7,71431,1165363,40,22,9.61,6,11,18,11,3.71,8.63,2.24,7.06,15,97.65,27.1,4.93
1769,42,29,110900,1188544,49,4,6.39,104,12,11,15,2.68,4.97,4.59,9.02,52,71.17,20.39,1.83
1770,46,22,142139,737625,61,1,7.56,0,9,47,13,4.85,1.16,9.82,8.23,21,58.62,8.26,9.24
1771,45,13,127210,1503954,44,1,3.84,60,0,24,16,3.4,1.67,3.03,2.66,18,90.79,7.87,8.01
1772,37,13,147734,1498734,43,15,4.54,13,7,34,11,4.23,5.59,6.51,3.66,30,70.16,6.2,1.51
1773,33,1,112961,1756168,67,13,3.13,51,15,11,11,1.44,9.72,4.9,7.45,58,96.78,19.18,5.73
1774,40,4,135463,1672070,66,17,1.87,95,12,29,2,2.59,7.24,1.64,1.76,13,97.49,11.07,1.75
1775,45,13,48602,633569,40,24,2.61,5,2,4,11,2.35,1.64,5.39,8.31,24,55.74,23.36,8.54
1776,24,24,108789,796574,36,8,8.18,102,2,33,3,3.28,2.7,7.32,7.47,30,97.83,22.16,6.52
1777,30,19,71399,729852,63,18,7.1,9,4,21,18,4.44,7.94,5.62,7.57,2,68.41,12.95,2.55
1778,23,1,43472,744865,38,13,5.92,70,10,38,8,1.31,8.57,8.85,1.9,19,82.31,9.42,1.19
1779,38,5,69230,1776402,35,23,5.28,89,6,12,8,1.29,6.56,3.6,7.46,47,51.74,7.56,1.28
1780,56,16,93616,555948,53,14,9.3,97,9,46,10,4.4,6.8,1.78,7.12,44,94.44,23.43,5.57
1781,42,24,27099,1161069,60,8,1.65,29,9,2,3,1.85,1.26,9.43,8.48,47,82.08,16.26,7.61
1782,54,27,138614,1156626,59,8,3.53,99,19,19,15,3.68,8.46,4.4,1.37,25,82.18,13.09,2.09
1783,28,1,45431,1163349,44,15,4.15,20,1,30,18,3.17,8.09,6.19,1.21,50,95.11,26.42,2.99
1784,39,34,76492,364200,49,13,8.04,59,2,4,2,4.33,3.33,8.13,4.36,14,75.42,19.84,3.95
1785,57,4,116722,1454424,56,7,9.93,80,7,23,10,1.5,7.38,3.92,2.34,6,70.53,17.95,2.96
1786,26,0,67684,406022,55,5,3.17,96,10,39,5,1.52,2.93,7.45,6.03,12,93.31,23.58,4.52
1787,46,11,50111,1001979,56,17,8.87,73,12,32,9,3.23,1.36,2.22,9.26,20,87.12,25.39,6.04
1788,54,22,125387,1761331,68,16,8.48,114,6,7,14,4.79,2.81,3.62,4.52,23,97.45,22.15,7.16
1789,26,30,83936,1080741,64,23,3.02,62,12,23,5,2.66,2.61,2.3,8.6,30,97.01,16,9.67
1790,57,10,42614,1410644,59,2,4.59,110,1,49,10,2.31,4.04,8.3,1,30,69.12,14.48,9.38
1791,53,9,112260,770529,62,22,4.69,41,5,19,10,3.43,4.77,3,2.52,38,72.35,24.29,6.13
1792,42,2,61991,1186364,35,18,9.8,50,8,15,19,4.72,5.58,7.46,1.27,58,62.8,17.95,7.61
1793,41,13,90476,461445,38,17,2.63,63,19,49,13,4.35,5.29,9.49,3.95,30,83.03,22.61,9.56
1794,26,15,137959,1485679,41,7,8.19,75,1,11,11,4.98,3.44,5.75,9.17,41,68.23,27.26,1.75
1795,26,9,80920,524605,43,13,4.01,55,17,12,12,1.09,1.26,5.86,1.87,30,89.31,27.9,1.05
1796,24,28,114294,503047,53,18,7.58,79,15,44,8,1.45,6.45,5.15,6.46,57,56.08,11.94,1.27
1797,50,9,83530,1109217,35,14,4.78,40,11,41,10,3.44,4.56,3.93,5.06,58,55.82,9.7,6.07
1798,31,11,56224,549768,44,18,6.21,31,6,38,7,4.28,3.69,5.28,9.45,36,60.22,11.53,7.87
1799,50,29,27788,984029,43,13,8.49,14,6,24,17,2.14,8.8,6.43,2.1,49,54.21,23.78,4.3
1800,51,0,48082,1443051,66,11,8.24,61,16,45,16,1.96,7.72,9.87,2.91,34,81,14.25,5.91
